birthName,countryOfBirth,createdBy,createdDateTime,createdOn,dateOfBirth,includeAllRecords,lastModifiedBy,lastModifiedDateTime,lastModifiedOn,perPersonUuid,personId,personIdExternal,regionOfBirth,userId
,,,,,19800409,,,,,,P00001,P00001,,
,,,,,19610714,,,,,,P00002,P00002,,
,,,,,19510430,,,,,,P00003,P00003,,
,,,,,19740415,,,,,,P00004,P00004,,
,,,,,19610707,,,,,,P00005,P00005,,
,,,,,19570417,,,,,,P00006,P00006,,
,,,,,19740227,,,,,,P00007,P00007,,
,,,,,19771118,,,,,,P00008,P00008,,
,,,,,19800428,,,,,,P00009,P00009,,
,,,,,19741115,,,,,,P00010,P00010,,
,,,,,19590519,,,,,,P00011,P00011,,
,,,,,19681008,,,,,,P00012,P00012,,
,,,,,19710726,,,,,,P00013,P00013,,
,,,,,19590831,,,,,,P00014,P00014,,
,,,,,19801101,,,,,,P00015,P00015,,
,,,,,19620930,,,,,,P00016,P00016,,
,,,,,19680523,,,,,,P00017,P00017,,
,,,,,19511103,,,,,,P00018,P00018,,
,,,,,19650915,,,,,,P00019,P00019,,
,,,,,19710523,,,,,,P00020,P00020,,
,,,,,19630326,,,,,,P00021,P00021,,
,,,,,19820915,,,,,,P00022,P00022,,
,,,,,19670320,,,,,,P00023,P00023,,
,,,,,19720504,,,,,,P00024,P00024,,
,,,,,19600202,,,,,,P00025,P00025,,
,,,,,19790923,,,,,,P00026,P00026,,
,,,,,19770229,,,,,,P00027,P00027,,
,,,,,19820824,,,,,,P00028,P00028,,
,,,,,19691115,,,,,,P00029,P00029,,
,,,,,19810624,,,,,,P00030,P00030,,
,,,,,19620630,,,,,,P00031,P00031,,
,,,,,19580914,,,,,,P00032,P00032,,
,,,,,19680616,,,,,,P00033,P00033,,
,,,,,19620518,,,,,,P00034,P00034,,
,,,,,19610603,,,,,,P00035,P00035,,
,,,,,19560201,,,,,,P00036,P00036,,
,,,,,19580724,,,,,,P00037,P00037,,
,,,,,19550416,,,,,,P00038,P00038,,
,,,,,19610604,,,,,,P00039,P00039,,
,,,,,19670430,,,,,,P00040,P00040,,
,,,,,19800425,,,,,,P00041,P00041,,
,,,,,19701023,,,,,,P00042,P00042,,
,,,,,19690424,,,,,,P00043,P00043,,
,,,,,19510405,,,,,,P00044,P00044,,
,,,,,19730728,,,,,,P00045,P00045,,
,,,,,19830710,,,,,,P00046,P00046,,
,,,,,19710716,,,,,,P00047,P00047,,
,,,,,19641228,,,,,,P00048,P00048,,
,,,,,19790618,,,,,,P00049,P00049,,
,,,,,19680518,,,,,,P00050,P00050,,
,,,,,19831212,,,,,,P00051,P00051,,
,,,,,19810615,,,,,,P00052,P00052,,
,,,,,19541110,,,,,,P00053,P00053,,
,,,,,19690518,,,,,,P00054,P00054,,
,,,,,19740408,,,,,,P00055,P00055,,
,,,,,19730202,,,,,,P00056,P00056,,
,,,,,19560303,,,,,,P00057,P00057,,
,,,,,19671001,,,,,,P00058,P00058,,
,,,,,19720713,,,,,,P00059,P00059,,
,,,,,19750520,,,,,,P00060,P00060,,
,,,,,19700225,,,,,,P00061,P00061,,
,,,,,19620215,,,,,,P00062,P00062,,
,,,,,19720205,,,,,,P00063,P00063,,
,,,,,19821019,,,,,,P00064,P00064,,
,,,,,19600726,,,,,,P00065,P00065,,
,,,,,19560114,,,,,,P00066,P00066,,
,,,,,19630624,,,,,,P00067,P00067,,
,,,,,19600810,,,,,,P00068,P00068,,
,,,,,19671009,,,,,,P00069,P00069,,
,,,,,19721211,,,,,,P00070,P00070,,
,,,,,19790509,,,,,,P00071,P00071,,
,,,,,19790116,,,,,,P00072,P00072,,
,,,,,19740926,,,,,,P00073,P00073,,
,,,,,19720210,,,,,,P00074,P00074,,
,,,,,19680419,,,,,,P00075,P00075,,
,,,,,19700517,,,,,,P00076,P00076,,
,,,,,19550621,,,,,,P00077,P00077,,
,,,,,19570403,,,,,,P00078,P00078,,
,,,,,19780510,,,,,,P00079,P00079,,
,,,,,19550112,,,,,,P00080,P00080,,
,,,,,19670108,,,,,,P00081,P00081,,
,,,,,19580809,,,,,,P00082,P00082,,
,,,,,19730325,,,,,,P00083,P00083,,
,,,,,19650421,,,,,,P00084,P00084,,
,,,,,19611118,,,,,,P00085,P00085,,
,,,,,19680921,,,,,,P00086,P00086,,
,,,,,19780227,,,,,,P00087,P00087,,
,,,,,19741031,,,,,,P00088,P00088,,
,,,,,19710826,,,,,,P00089,P00089,,
,,,,,19721123,,,,,,P00090,P00090,,
,,,,,19650827,,,,,,P00091,P00091,,
,,,,,19800203,,,,,,P00092,P00092,,
,,,,,19591212,,,,,,P00093,P00093,,
,,,,,19730531,,,,,,P00094,P00094,,
,,,,,19720407,,,,,,P00095,P00095,,
,,,,,19690501,,,,,,P00096,P00096,,
,,,,,19700702,,,,,,P00097,P00097,,
,,,,,19820226,,,,,,P00098,P00098,,
,,,,,19711005,,,,,,P00099,P00099,,
,,,,,19770716,,,,,,P00100,P00100,,
,,,,,19710827,,,,,,P00101,P00101,,
,,,,,19520412,,,,,,P00102,P00102,,
,,,,,19770803,,,,,,P00103,P00103,,
,,,,,19850104,,,,,,P00104,P00104,,
,,,,,19630918,,,,,,P00105,P00105,,
,,,,,19700609,,,,,,P00106,P00106,,
,,,,,19791026,,,,,,P00108,P00108,,
,,,,,19661117,,,,,,P00109,P00109,,
,,,,,19830107,,,,,,P00110,P00110,,
,,,,,19680121,,,,,,P00111,P00111,,
,,,,,19680516,,,,,,P00112,P00112,,
,,,,,19811128,,,,,,P00114,P00114,,
,,,,,19661120,,,,,,P00115,P00115,,
,,,,,19750114,,,,,,P00116,P00116,,
,,,,,19600127,,,,,,P00117,P00117,,
,,,,,19750628,,,,,,P00118,P00118,,
,,,,,19691214,,,,,,P00119,P00119,,
,,,,,19620621,,,,,,P00121,P00121,,
,,,,,19700930,,,,,,P00122,P00122,,
,,,,,19560202,,,,,,P00123,P00123,,
,,,,,19730727,,,,,,P00124,P00124,,
,,,,,19700807,,,,,,P00125,P00125,,
,,,,,19690130,,,,,,P00126,P00126,,
,,,,,19651013,,,,,,P00127,P00127,,
,,,,,19760710,,,,,,P00128,P00128,,
,,,,,19741213,,,,,,P00129,P00129,,
,,,,,19660417,,,,,,P00130,P00130,,
,,,,,19830928,,,,,,P00131,P00131,,
,,,,,19750613,,,,,,P00132,P00132,,
,,,,,19740926,,,,,,P00133,P00133,,
,,,,,19611119,,,,,,P00134,P00134,,
,,,,,19741031,,,,,,P00135,P00135,,
,,,,,19530611,,,,,,P00136,P00136,,
,,,,,19790805,,,,,,P00137,P00137,,
,,,,,19631113,,,,,,P00138,P00138,,
,,,,,19530101,,,,,,P00139,P00139,,
,,,,,19650519,,,,,,P00140,P00140,,
,,,,,19591030,,,,,,P00141,P00141,,
,,,,,19760913,,,,,,P00142,P00142,,
,,,,,19640906,,,,,,P00143,P00143,,
,,,,,19700701,,,,,,P00144,P00144,,
,,,,,19790705,,,,,,P00145,P00145,,
,,,,,19560624,,,,,,P00146,P00146,,
,,,,,19561109,,,,,,P00147,P00147,,
,,,,,19860122,,,,,,P00148,P00148,,
,,,,,19780622,,,,,,P00149,P00149,,
,,,,,19730327,,,,,,P00150,P00150,,
,,,,,19620224,,,,,,P00151,P00151,,
,,,,,19620103,,,,,,P00152,P00152,,
,,,,,19791112,,,,,,P00153,P00153,,
,,,,,19531129,,,,,,P00154,P00154,,
,,,,,19661014,,,,,,P00155,P00155,,
,,,,,19600403,,,,,,P00156,P00156,,
,,,,,19611229,,,,,,P00157,P00157,,
,,,,,19730518,,,,,,P00158,P00158,,
,,,,,19580725,,,,,,P00159,P00159,,
,,,,,19890217,,,,,,P00160,P00160,,
,,,,,19660815,,,,,,P00161,P00161,,
,,,,,19740216,,,,,,P00162,P00162,,
,,,,,19850714,,,,,,P00163,P00163,,
,,,,,19560414,,,,,,P00164,P00164,,
,,,,,19630927,,,,,,P00165,P00165,,
,,,,,19660629,,,,,,P00166,P00166,,
,,,,,19750510,,,,,,P00167,P00167,,
,,,,,19730623,,,,,,P00168,P00168,,
,,,,,19620504,,,,,,P00169,P00169,,
,,,,,19790812,,,,,,P00170,P00170,,
,,,,,19771119,,,,,,P00171,P00171,,
,,,,,19560120,,,,,,P00172,P00172,,
,,,,,19721023,,,,,,P00173,P00173,,
,,,,,19850122,,,,,,P00174,P00174,,
,,,,,19830606,,,,,,P00175,P00175,,
,,,,,19700918,,,,,,P00176,P00176,,
,,,,,19780318,,,,,,P00177,P00177,,
,,,,,19800822,,,,,,P00178,P00178,,
,,,,,19610404,,,,,,P00179,P00179,,
,,,,,19780813,,,,,,P00180,P00180,,
,,,,,19800521,,,,,,P00181,P00181,,
,,,,,19590213,,,,,,P00182,P00182,,
,,,,,19700913,,,,,,P00183,P00183,,
,,,,,19790501,,,,,,P00184,P00184,,
,,,,,19741015,,,,,,P00185,P00185,,
,,,,,19780712,,,,,,P00186,P00186,,
,,,,,19640203,,,,,,P00187,P00187,,
,,,,,19630419,,,,,,P00188,P00188,,
,,,,,19571116,,,,,,P00189,P00189,,
,,,,,19801220,,,,,,P00190,P00190,,
,,,,,19720802,,,,,,P00191,P00191,,
,,,,,19880409,,,,,,P00192,P00192,,
,,,,,19560424,,,,,,P00193,P00193,,
,,,,,19660522,,,,,,P00194,P00194,,
,,,,,19750518,,,,,,P00195,P00195,,
,,,,,19780629,,,,,,P00196,P00196,,
,,,,,19830930,,,,,,P00197,P00197,,
,,,,,19850321,,,,,,P00198,P00198,,
,,,,,19700313,,,,,,P00199,P00199,,
,,,,,19670410,,,,,,P00200,P00200,,
,,,,,19680424,,,,,,P00201,P00201,,
,,,,,19740115,,,,,,P00202,P00202,,
,,,,,19821208,,,,,,P00203,P00203,,
,,,,,19760328,,,,,,P00204,P00204,,
,,,,,19600821,,,,,,P00205,P00205,,
,,,,,19650829,,,,,,P00206,P00206,,
,,,,,19670226,,,,,,P00207,P00207,,
,,,,,19850802,,,,,,P00208,P00208,,
,,,,,19840304,,,,,,P00209,P00209,,
,,,,,19740406,,,,,,P00210,P00210,,
,,,,,19660924,,,,,,P00211,P00211,,
,,,,,19670913,,,,,,P00212,P00212,,
,,,,,19770425,,,,,,P00213,P00213,,
,,,,,19640916,,,,,,P00214,P00214,,
,,,,,19730326,,,,,,P00215,P00215,,
,,,,,19731227,,,,,,P00216,P00216,,
,,,,,19640521,,,,,,P00217,P00217,,
,,,,,19840428,,,,,,P00218,P00218,,
,,,,,19730130,,,,,,P00219,P00219,,
,,,,,19760906,,,,,,P00220,P00220,,
,,,,,19780804,,,,,,P00221,P00221,,
,,,,,19630224,,,,,,P00222,P00222,,
,,,,,19701203,,,,,,P00223,P00223,,
,,,,,19730301,,,,,,P00224,P00224,,
,,,,,19820513,,,,,,P00225,P00225,,
,,,,,19840215,,,,,,P00226,P00226,,
,,,,,19841231,,,,,,P00227,P00227,,
,,,,,19701128,,,,,,P00229,P00229,,
,,,,,19710804,,,,,,P00230,P00230,,
,,,,,19810520,,,,,,P00231,P00231,,
,,,,,19651008,,,,,,P00232,P00232,,
,,,,,19590228,,,,,,P00233,P00233,,
,,,,,19580210,,,,,,P00235,P00235,,
,,,,,19800410,,,,,,P00236,P00236,,
,,,,,19620815,,,,,,P00237,P00237,,
,,,,,19830819,,,,,,P00238,P00238,,
,,,,,19760308,,,,,,P00239,P00239,,
,,,,,19511126,,,,,,P00240,P00240,,
,,,,,19680521,,,,,,P00242,P00242,,
,,,,,19740801,,,,,,P00243,P00243,,
,,,,,19621207,,,,,,P00244,P00244,,
,,,,,19840929,,,,,,P00245,P00245,,
,,,,,19720228,,,,,,P00246,P00246,,
,,,,,19800529,,,,,,P00247,P00247,,
,,,,,19620707,,,,,,P00249,P00249,,
,,,,,19800809,,,,,,P00250,P00250,,
,,,,,19641213,,,,,,P00251,P00251,,
,,,,,19770422,,,,,,P00252,P00252,,
,,,,,19791004,,,,,,P00253,P00253,,
,,,,,19750403,,,,,,P00254,P00254,,
,,,,,19601210,,,,,,P00255,P00255,,
,,,,,19580722,,,,,,P00256,P00256,,
,,,,,19790705,,,,,,P00257,P00257,,
,,,,,19620518,,,,,,P00258,P00258,,
,,,,,19800227,,,,,,P00259,P00259,,
,,,,,19770324,,,,,,P00260,P00260,,
,,,,,19750219,,,,,,P00261,P00261,,
,,,,,19830326,,,,,,P00262,P00262,,
,,,,,19850808,,,,,,P00263,P00263,,
,,,,,19890419,,,,,,P00264,P00264,,
,,,,,19660304,,,,,,P00265,P00265,,
,,,,,19820326,,,,,,P00266,P00266,,
,,,,,19850427,,,,,,P00267,P00267,,
,,,,,19621117,,,,,,P00268,P00268,,
,,,,,19800422,,,,,,P00269,P00269,,
,,,,,19800418,,,,,,P00270,P00270,,
,,,,,19791007,,,,,,P00271,P00271,,
,,,,,19840125,,,,,,P00272,P00272,,
,,,,,19661203,,,,,,P00273,P00273,,
,,,,,19700703,,,,,,P00274,P00274,,
,,,,,19671001,,,,,,P00275,P00275,,
,,,,,19860830,,,,,,P00276,P00276,,
,,,,,19600910,,,,,,P00277,P00277,,
,,,,,19520725,,,,,,P00278,P00278,,
,,,,,19760813,,,,,,P00279,P00279,,
,,,,,19710618,,,,,,P00280,P00280,,
,,,,,19860513,,,,,,P00281,P00281,,
,,,,,19740207,,,,,,P00282,P00282,,
,,,,,19710516,,,,,,P00283,P00283,,
,,,,,19750523,,,,,,P00284,P00284,,
,,,,,19650326,,,,,,P00285,P00285,,
,,,,,19661126,,,,,,P00286,P00286,,
,,,,,19611228,,,,,,P00287,P00287,,
,,,,,19860814,,,,,,P00288,P00288,,
,,,,,19671014,,,,,,P00289,P00289,,
,,,,,19651216,,,,,,P00290,P00290,,
,,,,,19710228,,,,,,P00291,P00291,,
,,,,,19721113,,,,,,P00292,P00292,,
,,,,,19730310,,,,,,P00293,P00293,,
,,,,,19800816,,,,,,P00294,P00294,,
,,,,,19760316,,,,,,P00295,P00295,,
,,,,,19590822,,,,,,P00296,P00296,,
,,,,,19850604,,,,,,P00297,P00297,,
,,,,,19730613,,,,,,P00298,P00298,,
,,,,,19800307,,,,,,P00299,P00299,,
,,,,,19691025,,,,,,P00300,P00300,,
,,,,,19770303,,,,,,P00301,P00301,,
,,,,,19630527,,,,,,P00302,P00302,,
,,,,,19861211,,,,,,P00303,P00303,,
,,,,,19720129,,,,,,P00304,P00304,,
,,,,,19620504,,,,,,P00305,P00305,,
,,,,,19850527,,,,,,P00306,P00306,,
,,,,,19691024,,,,,,P00307,P00307,,
,,,,,19630501,,,,,,P00308,P00308,,
,,,,,19740529,,,,,,P00309,P00309,,
,,,,,19720508,,,,,,P00310,P00310,,
,,,,,19610106,,,,,,P00311,P00311,,
,,,,,19751024,,,,,,P00312,P00312,,
,,,,,19570216,,,,,,P00313,P00313,,
,,,,,19870610,,,,,,P00314,P00314,,
,,,,,19690911,,,,,,P00315,P00315,,
,,,,,19800826,,,,,,P00316,P00316,,
,,,,,19771212,,,,,,P00317,P00317,,
,,,,,19550809,,,,,,P00318,P00318,,
,,,,,19840105,,,,,,P00319,P00319,,
,,,,,19640309,,,,,,P00320,P00320,,
,,,,,19820902,,,,,,P00321,P00321,,
,,,,,19860329,,,,,,P00322,P00322,,
,,,,,19681104,,,,,,P00323,P00323,,
,,,,,19530627,,,,,,P00324,P00324,,
,,,,,19800118,,,,,,P00325,P00325,,
,,,,,19741227,,,,,,P00326,P00326,,
,,,,,19790106,,,,,,P00327,P00327,,
,,,,,19771102,,,,,,P00328,P00328,,
,,,,,19671029,,,,,,P00329,P00329,,
,,,,,19651219,,,,,,P00330,P00330,,
,,,,,19640827,,,,,,P00331,P00331,,
,,,,,19801012,,,,,,P00332,P00332,,
,,,,,19821216,,,,,,P00333,P00333,,
,,,,,19761203,,,,,,P00334,P00334,,
,,,,,19671218,,,,,,P00335,P00335,,
,,,,,19740616,,,,,,P00336,P00336,,
,,,,,19610324,,,,,,P00337,P00337,,
,,,,,19821027,,,,,,P00338,P00338,,
,,,,,19550521,,,,,,P00339,P00339,,
,,,,,19740720,,,,,,P00340,P00340,,
,,,,,19590326,,,,,,P00341,P00341,,
,,,,,19840617,,,,,,P00342,P00342,,
,,,,,19820210,,,,,,P00343,P00343,,
,,,,,19780523,,,,,,P00344,P00344,,
,,,,,19750825,,,,,,P00345,P00345,,
,,,,,19690513,,,,,,P00346,P00346,,
,,,,,19820301,,,,,,P00347,P00347,,
,,,,,19720805,,,,,,P00348,P00348,,
,,,,,19871021,,,,,,P00349,P00349,,
,,,,,19571204,,,,,,P00350,P00350,,
,,,,,19870428,,,,,,P00351,P00351,,
,,,,,19710116,,,,,,P00352,P00352,,
,,,,,19730706,,,,,,P00353,P00353,,
,,,,,19620913,,,,,,P00354,P00354,,
,,,,,19841214,,,,,,P00356,P00356,,
,,,,,19840601,,,,,,P00357,P00357,,
,,,,,19650206,,,,,,P00358,P00358,,
,,,,,19751125,,,,,,P00359,P00359,,
,,,,,19870526,,,,,,P00360,P00360,,
,,,,,19790301,,,,,,P00362,P00362,,
,,,,,19830809,,,,,,P00363,P00363,,
,,,,,19630427,,,,,,P00364,P00364,,
,,,,,19800824,,,,,,P00365,P00365,,
,,,,,19651114,,,,,,P00366,P00366,,
,,,,,19750430,,,,,,P00367,P00367,,
,,,,,19640726,,,,,,P00369,P00369,,
,,,,,19580619,,,,,,P00370,P00370,,
,,,,,19610328,,,,,,P00371,P00371,,
,,,,,19890822,,,,,,P00372,P00372,,
,,,,,19820805,,,,,,P00373,P00373,,
,,,,,19660525,,,,,,P00374,P00374,,
,,,,,19840715,,,,,,P00376,P00376,,
,,,,,19690120,,,,,,P00377,P00377,,
,,,,,19780325,,,,,,P00378,P00378,,
,,,,,19750613,,,,,,P00379,P00379,,
,,,,,19670325,,,,,,P00380,P00380,,
,,,,,19561126,,,,,,P00381,P00381,,
,,,,,19590911,,,,,,P00382,P00382,,
,,,,,19810307,,,,,,P00383,P00383,,
,,,,,19600829,,,,,,P00384,P00384,,
,,,,,19830918,,,,,,P00385,P00385,,
,,,,,19830619,,,,,,P00386,P00386,,
,,,,,19880823,,,,,,P00387,P00387,,
,,,,,19670425,,,,,,P00388,P00388,,
,,,,,19690608,,,,,,P00389,P00389,,
,,,,,,,,,,,P00390,P00390,,
,,,,,19811112,,,,,,P00391,P00391,,
,,,,,19860920,,,,,,P00392,P00392,,
,,,,,19680917,,,,,,P00393,P00393,,
,,,,,19880813,,,,,,P00394,P00394,,
,,,,,19530526,,,,,,P00395,P00395,,
,,,,,19651030,,,,,,P00396,P00396,,
,,,,,19840201,,,,,,P00397,P00397,,
,,,,,19880424,,,,,,P00398,P00398,,
,,,,,19791006,,,,,,P00399,P00399,,
,,,,,19550421,,,,,,P00400,P00400,,
,,,,,19830301,,,,,,P00401,P00401,,
,,,,,19701022,,,,,,P00402,P00402,,
,,,,,19621119,,,,,,P00403,P00403,,
,,,,,19810424,,,,,,P00404,P00404,,
,,,,,19750427,,,,,,P00405,P00405,,
,,,,,19631001,,,,,,P00406,P00406,,
,,,,,19760707,,,,,,P00407,P00407,,
,,,,,19630501,,,,,,P00408,P00408,,
,,,,,19680225,,,,,,P00409,P00409,,
,,,,,19620817,,,,,,P00410,P00410,,
,,,,,19880224,,,,,,P00411,P00411,,
,,,,,19741123,,,,,,P00412,P00412,,
,,,,,19770729,,,,,,P00413,P00413,,
,,,,,19630213,,,,,,P00414,P00414,,
,,,,,19711026,,,,,,P00415,P00415,,
,,,,,19851121,,,,,,P00416,P00416,,
,,,,,19891124,,,,,,P00417,P00417,,
,,,,,19580313,,,,,,P00418,P00418,,
,,,,,19691221,,,,,,P00419,P00419,,
,,,,,19731219,,,,,,P00420,P00420,,
,,,,,19700518,,,,,,P00421,P00421,,
,,,,,19710721,,,,,,P00422,P00422,,
,,,,,19681215,,,,,,P00423,P00423,,
,,,,,19800424,,,,,,P00424,P00424,,
,,,,,19550303,,,,,,P00425,P00425,,
,,,,,19720830,,,,,,P00426,P00426,,
,,,,,19630602,,,,,,P00427,P00427,,
,,,,,19661107,,,,,,P00428,P00428,,
,,,,,19761218,,,,,,P00429,P00429,,
,,,,,19851124,,,,,,P00430,P00430,,
,,,,,19600914,,,,,,P00431,P00431,,
,,,,,19610305,,,,,,P00432,P00432,,
,,,,,19610429,,,,,,P00433,P00433,,
,,,,,19551204,,,,,,P00434,P00434,,
,,,,,19700510,,,,,,P00435,P00435,,
,,,,,19701105,,,,,,P00436,P00436,,
,,,,,19610620,,,,,,P00437,P00437,,
,,,,,19900511,,,,,,P00438,P00438,,
,,,,,19820520,,,,,,P00439,P00439,,
,,,,,19830202,,,,,,P00440,P00440,,
,,,,,19581223,,,,,,P00441,P00441,,
,,,,,19661212,,,,,,P00442,P00442,,
,,,,,19900106,,,,,,P00443,P00443,,
,,,,,19510622,,,,,,P00444,P00444,,
,,,,,19690317,,,,,,P00445,P00445,,
,,,,,19770321,,,,,,P00446,P00446,,
,,,,,19711210,,,,,,P00447,P00447,,
,,,,,19710815,,,,,,P00448,P00448,,
,,,,,19560701,,,,,,P00449,P00449,,
,,,,,19780225,,,,,,P00450,P00450,,
,,,,,19710112,,,,,,P00451,P00451,,
,,,,,19830111,,,,,,P00452,P00452,,
,,,,,19820527,,,,,,P00453,P00453,,
,,,,,19610519,,,,,,P00454,P00454,,
,,,,,19840728,,,,,,P00455,P00455,,
,,,,,19690305,,,,,,P00456,P00456,,
,,,,,19590119,,,,,,P00457,P00457,,
,,,,,19580111,,,,,,P00458,P00458,,
,,,,,19781022,,,,,,P00459,P00459,,
,,,,,19940813,,,,,,P00460,P00460,,
,,,,,19660805,,,,,,P00461,P00461,,
,,,,,19660824,,,,,,P00462,P00462,,
,,,,,19740824,,,,,,P00463,P00463,,
,,,,,19650726,,,,,,P00464,P00464,,
,,,,,19700204,,,,,,P00465,P00465,,
,,,,,19631224,,,,,,P00466,P00466,,
,,,,,19770714,,,,,,P00467,P00467,,
,,,,,19700116,,,,,,P00468,P00468,,
,,,,,19690404,,,,,,P00469,P00469,,
,,,,,19850321,,,,,,P00470,P00470,,
,,,,,19650930,,,,,,P00471,P00471,,
,,,,,19680823,,,,,,P00472,P00472,,
,,,,,19690904,,,,,,P00473,P00473,,
,,,,,19581129,,,,,,P00474,P00474,,
,,,,,19531001,,,,,,P00475,P00475,,
,,,,,19520124,,,,,,P00476,P00476,,
,,,,,19761216,,,,,,P00477,P00477,,
,,,,,19531107,,,,,,P00478,P00478,,
,,,,,19641223,,,,,,P00479,P00479,,
,,,,,19840305,,,,,,P00480,P00480,,
,,,,,19600704,,,,,,P00481,P00481,,
,,,,,19640726,,,,,,P00482,P00482,,
,,,,,19670610,,,,,,P00484,P00484,,
,,,,,19781222,,,,,,P00485,P00485,,
,,,,,19690412,,,,,,P00486,P00486,,
,,,,,19830103,,,,,,P00487,P00487,,
,,,,,19690315,,,,,,P00488,P00488,,
,,,,,19590620,,,,,,P00490,P00490,,
,,,,,19870531,,,,,,P00491,P00491,,
,,,,,19681215,,,,,,P00492,P00492,,
,,,,,19740507,,,,,,P00493,P00493,,
,,,,,19621027,,,,,,P00494,P00494,,
,,,,,19560112,,,,,,P00495,P00495,,
,,,,,19860620,,,,,,P00497,P00497,,
,,,,,19830318,,,,,,P00498,P00498,,
,,,,,19820130,,,,,,P00499,P00499,,
,,,,,19771009,,,,,,P00500,P00500,,
,,,,,19780123,,,,,,P00501,P00501,,
,,,,,19840905,,,,,,P00502,P00502,,
,,,,,19890409,,,,,,P00504,P00504,,
,,,,,19911025,,,,,,P00505,P00505,,
,,,,,19690103,,,,,,P00506,P00506,,
,,,,,19690317,,,,,,P00507,P00507,,
,,,,,19560803,,,,,,P00508,P00508,,
,,,,,19640727,,,,,,P00509,P00509,,
,,,,,19690806,,,,,,P00510,P00510,,
,,,,,19790206,,,,,,P00511,P00511,,
,,,,,19800824,,,,,,P00512,P00512,,
,,,,,19660319,,,,,,P00513,P00513,,
,,,,,19790824,,,,,,P00514,P00514,,
,,,,,19871216,,,,,,P00515,P00515,,
,,,,,19800716,,,,,,P00516,P00516,,
,,,,,19731116,,,,,,P00517,P00517,,
,,,,,19820614,,,,,,P00518,P00518,,
,,,,,19870316,,,,,,P00519,P00519,,
,,,,,19800524,,,,,,P00520,P00520,,
,,,,,19800628,,,,,,P00521,P00521,,
,,,,,19900619,,,,,,P00522,P00522,,
,,,,,19900611,,,,,,P00523,P00523,,
,,,,,19610201,,,,,,P00524,P00524,,
,,,,,19720326,,,,,,P00525,P00525,,
,,,,,19831124,,,,,,P00526,P00526,,
,,,,,19681101,,,,,,P00527,P00527,,
,,,,,19670527,,,,,,P00528,P00528,,
,,,,,19871007,,,,,,P00529,P00529,,
,,,,,19860109,,,,,,P00530,P00530,,
,,,,,19680812,,,,,,P00531,P00531,,
,,,,,19860131,,,,,,P00532,P00532,,
,,,,,19720704,,,,,,P00533,P00533,,
,,,,,19880118,,,,,,P00534,P00534,,
,,,,,19720627,,,,,,P00535,P00535,,
,,,,,19720606,,,,,,P00536,P00536,,
,,,,,19881216,,,,,,P00537,P00537,,
,,,,,19560924,,,,,,P00538,P00538,,
,,,,,19600722,,,,,,P00539,P00539,,
,,,,,19820607,,,,,,P00540,P00540,,
,,,,,19791008,,,,,,P00541,P00541,,
,,,,,19860627,,,,,,P00542,P00542,,
,,,,,19771202,,,,,,P00543,P00543,,
,,,,,19500507,,,,,,P00544,P00544,,
,,,,,19580511,,,,,,P00545,P00545,,
,,,,,19800530,,,,,,P00546,P00546,,
,,,,,19820328,,,,,,P00547,P00547,,
,,,,,19580504,,,,,,P00548,P00548,,
,,,,,19701202,,,,,,P00549,P00549,,
,,,,,19830604,,,,,,P00550,P00550,,
,,,,,19810420,,,,,,P00551,P00551,,
,,,,,19750927,,,,,,P00552,P00552,,
,,,,,19880525,,,,,,P00553,P00553,,
,,,,,19740224,,,,,,P00554,P00554,,
,,,,,19721018,,,,,,P00555,P00555,,
,,,,,19671104,,,,,,P00556,P00556,,
,,,,,19670222,,,,,,P00557,P00557,,
,,,,,19870316,,,,,,P00558,P00558,,
,,,,,19830617,,,,,,P00559,P00559,,
,,,,,19870115,,,,,,P00560,P00560,,
,,,,,19650602,,,,,,P00561,P00561,,
,,,,,19831107,,,,,,P00562,P00562,,
,,,,,19731226,,,,,,P00563,P00563,,
,,,,,19640430,,,,,,P00564,P00564,,
,,,,,19821009,,,,,,P00565,P00565,,
,,,,,19710418,,,,,,P00566,P00566,,
,,,,,19650107,,,,,,P00567,P00567,,
,,,,,19720318,,,,,,P00568,P00568,,
,,,,,19640402,,,,,,P00569,P00569,,
,,,,,19791107,,,,,,P00570,P00570,,
,,,,,19610122,,,,,,P00571,P00571,,
,,,,,19550906,,,,,,P00572,P00572,,
,,,,,19840401,,,,,,P00573,P00573,,
,,,,,19690710,,,,,,P00574,P00574,,
,,,,,19850205,,,,,,P00575,P00575,,
,,,,,19631014,,,,,,P00576,P00576,,
,,,,,19780630,,,,,,P00577,P00577,,
,,,,,19920226,,,,,,P00578,P00578,,
,,,,,19880316,,,,,,P00579,P00579,,
,,,,,19851229,,,,,,P00580,P00580,,
,,,,,19700210,,,,,,P00581,P00581,,
,,,,,19750430,,,,,,P00582,P00582,,
,,,,,19910527,,,,,,P00583,P00583,,
,,,,,19811001,,,,,,P00584,P00584,,
,,,,,19670216,,,,,,P00585,P00585,,
,,,,,19760515,,,,,,P00586,P00586,,
,,,,,19870111,,,,,,P00587,P00587,,
,,,,,19730517,,,,,,P00588,P00588,,
,,,,,19700815,,,,,,P00589,P00589,,
,,,,,19710705,,,,,,P00590,P00590,,
,,,,,19770306,,,,,,P00591,P00591,,
,,,,,19611214,,,,,,P00592,P00592,,
,,,,,19700604,,,,,,P00593,P00593,,
,,,,,19660429,,,,,,P00594,P00594,,
,,,,,19840930,,,,,,P00595,P00595,,
,,,,,19750329,,,,,,P00596,P00596,,
,,,,,19640101,,,,,,P00597,P00597,,
,,,,,19871219,,,,,,P00598,P00598,,
,,,,,19890307,,,,,,P00599,P00599,,
,,,,,19690801,,,,,,P00600,P00600,,
,,,,,19630403,,,,,,P00601,P00601,,
,,,,,19570323,,,,,,P00602,P00602,,
,,,,,19810226,,,,,,P00603,P00603,,
,,,,,19741022,,,,,,P00604,P00604,,
,,,,,19900911,,,,,,P00605,P00605,,
,,,,,19630413,,,,,,P00606,P00606,,
,,,,,19881016,,,,,,P00607,P00607,,
,,,,,19760826,,,,,,P00608,P00608,,
,,,,,19901111,,,,,,P00610,P00610,,
,,,,,19620412,,,,,,P00611,P00611,,
,,,,,19780325,,,,,,P00612,P00612,,
,,,,,19850228,,,,,,P00613,P00613,,
,,,,,19560904,,,,,,P00614,P00614,,
,,,,,19920729,,,,,,P00616,P00616,,
,,,,,19700223,,,,,,P00617,P00617,,
,,,,,19791114,,,,,,P00618,P00618,,
,,,,,19880210,,,,,,P00619,P00619,,
,,,,,19611031,,,,,,P00620,P00620,,
,,,,,19900628,,,,,,P00621,P00621,,
,,,,,19901130,,,,,,P00623,P00623,,
,,,,,19711208,,,,,,P00624,P00624,,
,,,,,19690425,,,,,,P00625,P00625,,
,,,,,19610712,,,,,,P00626,P00626,,
,,,,,19560415,,,,,,P00627,P00627,,
,,,,,19891231,,,,,,P00628,P00628,,
,,,,,19800110,,,,,,P00630,P00630,,
,,,,,19670328,,,,,,P00631,P00631,,
,,,,,19771031,,,,,,P00632,P00632,,
,,,,,19780530,,,,,,P00633,P00633,,
,,,,,19790729,,,,,,P00634,P00634,,
,,,,,19760121,,,,,,P00635,P00635,,
,,,,,19530207,,,,,,P00636,P00636,,
,,,,,19741019,,,,,,P00637,P00637,,
,,,,,19670621,,,,,,P00638,P00638,,
,,,,,19751110,,,,,,P00639,P00639,,
,,,,,19810222,,,,,,P00640,P00640,,
,,,,,19700715,,,,,,P00641,P00641,,
,,,,,19730602,,,,,,P00642,P00642,,
,,,,,19810426,,,,,,P00643,P00643,,
,,,,,19841210,,,,,,P00644,P00644,,
,,,,,19900410,,,,,,P00645,P00645,,
,,,,,19891130,,,,,,P00646,P00646,,
,,,,,19860904,,,,,,P00647,P00647,,
,,,,,19870915,,,,,,P00648,P00648,,
,,,,,19910826,,,,,,P00649,P00649,,
,,,,,19670421,,,,,,P00650,P00650,,
,,,,,19850416,,,,,,P00651,P00651,,
,,,,,19780928,,,,,,P00652,P00652,,
,,,,,19800411,,,,,,P00653,P00653,,
,,,,,19910502,,,,,,P00654,P00654,,
,,,,,19871107,,,,,,P00655,P00655,,
,,,,,19530615,,,,,,P00656,P00656,,
,,,,,19650917,,,,,,P00657,P00657,,
,,,,,19810627,,,,,,P00658,P00658,,
,,,,,19890506,,,,,,P00659,P00659,,
,,,,,19920612,,,,,,P00660,P00660,,
,,,,,19681124,,,,,,P00661,P00661,,
,,,,,19910811,,,,,,P00662,P00662,,
,,,,,19830314,,,,,,P00663,P00663,,
,,,,,19600923,,,,,,P00664,P00664,,
,,,,,19600127,,,,,,P00665,P00665,,
,,,,,19910319,,,,,,P00666,P00666,,
,,,,,19910601,,,,,,P00667,P00667,,
,,,,,19821019,,,,,,P00668,P00668,,
,,,,,19800328,,,,,,P00669,P00669,,
,,,,,19890613,,,,,,P00670,P00670,,
,,,,,19701010,,,,,,P00671,P00671,,
,,,,,19840427,,,,,,P00672,P00672,,
,,,,,19730303,,,,,,P00673,P00673,,
,,,,,19920522,,,,,,P00674,P00674,,
,,,,,19860627,,,,,,P00675,P00675,,
,,,,,19870218,,,,,,P00676,P00676,,
,,,,,19810830,,,,,,P00677,P00677,,
,,,,,19770209,,,,,,P00678,P00678,,
,,,,,19760402,,,,,,P00679,P00679,,
,,,,,19730606,,,,,,P00680,P00680,,
,,,,,19760312,,,,,,P00681,P00681,,
,,,,,19880710,,,,,,P00682,P00682,,
,,,,,19681129,,,,,,P00683,P00683,,
,,,,,19851022,,,,,,P00684,P00684,,
,,,,,19690101,,,,,,P00685,P00685,,
,,,,,19900806,,,,,,P00686,P00686,,
,,,,,19810614,,,,,,P00687,P00687,,
,,,,,19740629,,,,,,P00688,P00688,,
,,,,,19591024,,,,,,P00689,P00689,,
,,,,,19650727,,,,,,P00690,P00690,,
,,,,,19860226,,,,,,P00691,P00691,,
,,,,,19870507,,,,,,P00692,P00692,,
,,,,,19841228,,,,,,P00693,P00693,,
,,,,,19881024,,,,,,P00694,P00694,,
,,,,,19910126,,,,,,P00695,P00695,,
,,,,,19880211,,,,,,P00696,P00696,,
,,,,,19700609,,,,,,P00697,P00697,,
,,,,,19861020,,,,,,P00698,P00698,,
,,,,,19710610,,,,,,P00699,P00699,,
,,,,,19770105,,,,,,P00700,P00700,,
,,,,,19690902,,,,,,P00701,P00701,,
,,,,,19740905,,,,,,P00702,P00702,,
,,,,,19760425,,,,,,P00703,P00703,,
,,,,,19620613,,,,,,P00704,P00704,,
,,,,,19790922,,,,,,P00705,P00705,,
,,,,,19880512,,,,,,P00706,P00706,,
,,,,,19720914,,,,,,P00707,P00707,,
,,,,,19720612,,,,,,P00708,P00708,,
,,,,,19910118,,,,,,P00709,P00709,,
,,,,,19901119,,,,,,P00710,P00710,,
,,,,,19690622,,,,,,P00711,P00711,,
,,,,,19940425,,,,,,P00712,P00712,,
,,,,,19630324,,,,,,P00713,P00713,,
,,,,,19780816,,,,,,P00714,P00714,,
,,,,,19740228,,,,,,P00715,P00715,,
,,,,,19740113,,,,,,P00716,P00716,,
,,,,,19610720,,,,,,P00717,P00717,,
,,,,,19910120,,,,,,P00718,P00718,,
,,,,,19660401,,,,,,P00719,P00719,,
,,,,,19821030,,,,,,P00720,P00720,,
,,,,,19720123,,,,,,P00721,P00721,,
,,,,,19620914,,,,,,P00722,P00722,,
,,,,,19660323,,,,,,P00723,P00723,,
,,,,,19710806,,,,,,P00724,P00724,,
,,,,,19840901,,,,,,P00725,P00725,,
,,,,,19790609,,,,,,P00726,P00726,,
,,,,,19880126,,,,,,P00727,P00727,,
,,,,,19810418,,,,,,P00728,P00728,,
,,,,,19910622,,,,,,P00729,P00729,,
,,,,,19910218,,,,,,P00730,P00730,,
,,,,,19910720,,,,,,P00731,P00731,,
,,,,,19810828,,,,,,P00732,P00732,,
,,,,,19900303,,,,,,P00733,P00733,,
,,,,,19770814,,,,,,P00734,P00734,,
,,,,,19831225,,,,,,P00735,P00735,,
,,,,,19730925,,,,,,P00737,P00737,,
,,,,,19870611,,,,,,P00738,P00738,,
,,,,,19570223,,,,,,P00739,P00739,,
,,,,,19600308,,,,,,P00740,P00740,,
,,,,,19830521,,,,,,P00741,P00741,,
,,,,,19580221,,,,,,P00743,P00743,,
,,,,,19620502,,,,,,P00744,P00744,,
,,,,,19640221,,,,,,P00745,P00745,,
,,,,,19780827,,,,,,P00746,P00746,,
,,,,,19900731,,,,,,P00747,P00747,,
,,,,,19780920,,,,,,P00748,P00748,,
,,,,,19881222,,,,,,P00750,P00750,,
,,,,,19830306,,,,,,P00751,P00751,,
,,,,,19840118,,,,,,P00752,P00752,,
,,,,,19680530,,,,,,P00753,P00753,,
,,,,,19891217,,,,,,P00754,P00754,,
,,,,,19820316,,,,,,P00755,P00755,,
,,,,,19930214,,,,,,P00757,P00757,,
,,,,,19840615,,,,,,P00758,P00758,,
,,,,,19820808,,,,,,P00759,P00759,,
,,,,,19810803,,,,,,P00760,P00760,,
,,,,,19620501,,,,,,P00761,P00761,,
,,,,,19790131,,,,,,P00762,P00762,,
,,,,,19941008,,,,,,P00763,P00763,,
,,,,,19731031,,,,,,P00764,P00764,,
,,,,,19600816,,,,,,P00765,P00765,,
,,,,,19821203,,,,,,P00766,P00766,,
,,,,,19840711,,,,,,P00767,P00767,,
,,,,,19910330,,,,,,P00768,P00768,,
,,,,,19771125,,,,,,P00769,P00769,,
,,,,,19830712,,,,,,P00770,P00770,,
,,,,,19931015,,,,,,P00771,P00771,,
,,,,,19680122,,,,,,P00772,P00772,,
,,,,,19890313,,,,,,P00773,P00773,,
,,,,,19941024,,,,,,P00774,P00774,,
,,,,,19900906,,,,,,P00775,P00775,,
,,,,,19860604,,,,,,P00776,P00776,,
,,,,,19730809,,,,,,P00777,P00777,,
,,,,,19631201,,,,,,P00778,P00778,,
,,,,,19790323,,,,,,P00779,P00779,,
,,,,,19750502,,,,,,P00780,P00780,,
,,,,,19680113,,,,,,P00781,P00781,,
,,,,,19930408,,,,,,P00782,P00782,,
,,,,,19910505,,,,,,P00783,P00783,,
,,,,,19911204,,,,,,P00784,P00784,,
,,,,,19930618,,,,,,P00785,P00785,,
,,,,,19920402,,,,,,P00786,P00786,,
,,,,,19901220,,,,,,P00787,P00787,,
,,,,,19790911,,,,,,P00788,P00788,,
,,,,,19841005,,,,,,P00789,P00789,,
,,,,,19580810,,,,,,P00790,P00790,,
,,,,,19831003,,,,,,P00791,P00791,,
,,,,,19651211,,,,,,P00792,P00792,,
,,,,,19851123,,,,,,P00793,P00793,,
,,,,,19771003,,,,,,P00794,P00794,,
,,,,,19920103,,,,,,P00795,P00795,,
,,,,,19800814,,,,,,P00796,P00796,,
,,,,,19840108,,,,,,P00797,P00797,,
,,,,,19900821,,,,,,P00798,P00798,,
,,,,,19570125,,,,,,P00799,P00799,,
,,,,,19881223,,,,,,P00800,P00800,,
,,,,,19920830,,,,,,P00801,P00801,,
,,,,,19740717,,,,,,P00802,P00802,,
,,,,,19621019,,,,,,P00803,P00803,,
,,,,,19870627,,,,,,P00804,P00804,,
,,,,,19680522,,,,,,P00805,P00805,,
,,,,,19680420,,,,,,P00806,P00806,,
,,,,,19720324,,,,,,P00807,P00807,,
,,,,,19711020,,,,,,P00808,P00808,,
,,,,,19800404,,,,,,P00809,P00809,,
,,,,,19601017,,,,,,P00810,P00810,,
,,,,,19630930,,,,,,P00811,P00811,,
,,,,,19750513,,,,,,P00812,P00812,,
,,,,,19920511,,,,,,P00813,P00813,,
,,,,,19720209,,,,,,P00814,P00814,,
,,,,,19860717,,,,,,P00815,P00815,,
,,,,,19870421,,,,,,P00816,P00816,,
,,,,,19790901,,,,,,P00817,P00817,,
,,,,,19720506,,,,,,P00818,P00818,,
,,,,,19720802,,,,,,P00819,P00819,,
,,,,,19550329,,,,,,P00820,P00820,,
,,,,,19820102,,,,,,P00821,P00821,,
,,,,,19920728,,,,,,P00822,P00822,,
,,,,,19710822,,,,,,P00823,P00823,,
,,,,,19740216,,,,,,P00824,P00824,,
,,,,,19560904,,,,,,P00825,P00825,,
,,,,,19870807,,,,,,P00826,P00826,,
,,,,,19640605,,,,,,P00827,P00827,,
,,,,,19641006,,,,,,P00828,P00828,,
,,,,,19821008,,,,,,P00829,P00829,,
,,,,,19761014,,,,,,P00830,P00830,,
,,,,,19911125,,,,,,P00831,P00831,,
,,,,,19930615,,,,,,P00832,P00832,,
,,,,,19860612,,,,,,P00833,P00833,,
,,,,,19770323,,,,,,P00834,P00834,,
,,,,,19800621,,,,,,P00835,P00835,,
,,,,,19640624,,,,,,P00836,P00836,,
,,,,,19860218,,,,,,P00837,P00837,,
,,,,,19911130,,,,,,P00838,P00838,,
,,,,,19730728,,,,,,P00839,P00839,,
,,,,,19881002,,,,,,P00840,P00840,,
,,,,,19770429,,,,,,P00841,P00841,,
,,,,,19781012,,,,,,P00842,P00842,,
,,,,,19791130,,,,,,P00843,P00843,,
,,,,,19520625,,,,,,P00844,P00844,,
,,,,,19791020,,,,,,P00845,P00845,,
,,,,,19600606,,,,,,P00846,P00846,,
,,,,,19880911,,,,,,P00847,P00847,,
,,,,,19860209,,,,,,P00848,P00848,,
,,,,,19690723,,,,,,P00849,P00849,,
,,,,,19671230,,,,,,P00850,P00850,,
,,,,,19641115,,,,,,P00851,P00851,,
,,,,,19840928,,,,,,P00852,P00852,,
,,,,,19640812,,,,,,P00853,P00853,,
,,,,,19590123,,,,,,P00854,P00854,,
,,,,,19680517,,,,,,P00855,P00855,,
,,,,,19540803,,,,,,P00856,P00856,,
,,,,,19681108,,,,,,P00857,P00857,,
,,,,,19860908,,,,,,P00858,P00858,,
,,,,,19631225,,,,,,P00859,P00859,,
,,,,,19630116,,,,,,P00860,P00860,,
,,,,,19880429,,,,,,P00861,P00861,,
,,,,,19851107,,,,,,P00862,P00862,,
,,,,,19820224,,,,,,P00864,P00864,,
,,,,,19650625,,,,,,P00865,P00865,,
,,,,,19560927,,,,,,P00866,P00866,,
,,,,,19680504,,,,,,P00867,P00867,,
,,,,,19690911,,,,,,P00868,P00868,,
,,,,,19871002,,,,,,P00870,P00870,,
,,,,,19730218,,,,,,P00871,P00871,,
,,,,,19910514,,,,,,P00872,P00872,,
,,,,,19830116,,,,,,P00873,P00873,,
,,,,,19920428,,,,,,P00874,P00874,,
,,,,,19750920,,,,,,P00875,P00875,,
,,,,,19590308,,,,,,P00877,P00877,,
,,,,,19740717,,,,,,P00878,P00878,,
,,,,,19920406,,,,,,P00879,P00879,,
,,,,,19830423,,,,,,P00880,P00880,,
,,,,,19821103,,,,,,P00881,P00881,,
,,,,,19740521,,,,,,P00882,P00882,,
,,,,,19750112,,,,,,P00884,P00884,,
,,,,,19710615,,,,,,P00885,P00885,,
,,,,,19911229,,,,,,P00886,P00886,,
,,,,,19880123,,,,,,P00887,P00887,,
,,,,,19721123,,,,,,P00888,P00888,,
,,,,,19830602,,,,,,P00889,P00889,,
,,,,,19871222,,,,,,P00890,P00890,,
,,,,,19821201,,,,,,P00891,P00891,,
,,,,,19830611,,,,,,P00892,P00892,,
,,,,,19900724,,,,,,P00893,P00893,,
,,,,,19770518,,,,,,P00894,P00894,,
,,,,,19780107,,,,,,P00895,P00895,,
,,,,,19690216,,,,,,P00896,P00896,,
,,,,,19610127,,,,,,P00897,P00897,,
,,,,,19641008,,,,,,P00898,P00898,,
,,,,,19760521,,,,,,P00899,P00899,,
,,,,,19861024,,,,,,P00900,P00900,,
,,,,,19860127,,,,,,P00901,P00901,,
,,,,,19590422,,,,,,P00902,P00902,,
,,,,,19740201,,,,,,P00903,P00903,,
,,,,,19760603,,,,,,P00904,P00904,,
,,,,,19830621,,,,,,P00905,P00905,,
,,,,,19880709,,,,,,P00906,P00906,,
,,,,,19870617,,,,,,P00907,P00907,,
,,,,,19771220,,,,,,P00908,P00908,,
,,,,,19840728,,,,,,P00909,P00909,,
,,,,,19800630,,,,,,P00910,P00910,,
,,,,,19730412,,,,,,P00911,P00911,,
,,,,,19790623,,,,,,P00912,P00912,,
,,,,,19801206,,,,,,P00913,P00913,,
,,,,,19800215,,,,,,P00914,P00914,,
,,,,,19601209,,,,,,P00915,P00915,,
,,,,,19910716,,,,,,P00916,P00916,,
,,,,,19830306,,,,,,P00917,P00917,,
,,,,,19770903,,,,,,P00918,P00918,,
,,,,,19690719,,,,,,P00919,P00919,,
,,,,,19660619,,,,,,P00920,P00920,,
,,,,,19701206,,,,,,P00921,P00921,,
,,,,,19850717,,,,,,P00922,P00922,,
,,,,,19730408,,,,,,P00923,P00923,,
,,,,,19770414,,,,,,P00924,P00924,,
,,,,,19831225,,,,,,P00925,P00925,,
,,,,,19561116,,,,,,P00926,P00926,,
,,,,,19620925,,,,,,P00927,P00927,,
,,,,,19771223,,,,,,P00928,P00928,,
,,,,,19840619,,,,,,P00929,P00929,,
,,,,,19830724,,,,,,P00930,P00930,,
,,,,,19841113,,,,,,P00931,P00931,,
,,,,,19860807,,,,,,P00932,P00932,,
,,,,,19601222,,,,,,P00933,P00933,,
,,,,,19850222,,,,,,P00934,P00934,,
,,,,,19720217,,,,,,P00935,P00935,,
,,,,,19900512,,,,,,P00936,P00936,,
,,,,,19900605,,,,,,P00937,P00937,,
,,,,,19890507,,,,,,P00938,P00938,,
,,,,,19820108,,,,,,P00939,P00939,,
,,,,,19820528,,,,,,P00940,P00940,,
,,,,,19651130,,,,,,P00941,P00941,,
,,,,,19860220,,,,,,P00942,P00942,,
,,,,,19880128,,,,,,P00943,P00943,,
,,,,,19620423,,,,,,P00944,P00944,,
,,,,,19650912,,,,,,P00945,P00945,,
,,,,,19850628,,,,,,P00946,P00946,,
,,,,,19840731,,,,,,P00947,P00947,,
,,,,,19760511,,,,,,P00948,P00948,,
,,,,,19850701,,,,,,P00949,P00949,,
,,,,,19661014,,,,,,P00950,P00950,,
,,,,,19760324,,,,,,P00951,P00951,,
,,,,,19851229,,,,,,P00952,P00952,,
,,,,,19770412,,,,,,P00953,P00953,,
,,,,,19620911,,,,,,P00954,P00954,,
,,,,,19790630,,,,,,P00955,P00955,,
,,,,,19701011,,,,,,P00956,P00956,,
,,,,,19901003,,,,,,P00957,P00957,,
,,,,,19730128,,,,,,P00958,P00958,,
,,,,,19841225,,,,,,P00959,P00959,,
,,,,,19730117,,,,,,P00960,P00960,,
,,,,,19700228,,,,,,P00961,P00961,,
,,,,,19550817,,,,,,P00962,P00962,,
,,,,,19640808,,,,,,P00963,P00963,,
,,,,,19670519,,,,,,P00964,P00964,,
,,,,,19620419,,,,,,P00965,P00965,,
,,,,,19791027,,,,,,P00966,P00966,,
,,,,,19650807,,,,,,P00967,P00967,,
,,,,,19700422,,,,,,P00968,P00968,,
,,,,,19721028,,,,,,P00969,P00969,,
,,,,,19581114,,,,,,P00970,P00970,,
,,,,,19740909,,,,,,P00971,P00971,,
,,,,,19820224,,,,,,P00972,P00972,,
,,,,,19861109,,,,,,P00973,P00973,,
,,,,,19710807,,,,,,P00974,P00974,,
,,,,,19930811,,,,,,P00975,P00975,,
,,,,,19930111,,,,,,P00976,P00976,,
,,,,,19630624,,,,,,P00977,P00977,,
,,,,,19890414,,,,,,P00978,P00978,,
,,,,,19610202,,,,,,P00979,P00979,,
,,,,,19920512,,,,,,P00980,P00980,,
,,,,,19760305,,,,,,P00981,P00981,,
,,,,,19730530,,,,,,P00982,P00982,,
,,,,,19861213,,,,,,P00983,P00983,,
,,,,,19910415,,,,,,P00984,P00984,,
,,,,,19670922,,,,,,P00985,P00985,,
,,,,,19790831,,,,,,P00986,P00986,,
,,,,,19800315,,,,,,P00987,P00987,,
,,,,,19710514,,,,,,P00988,P00988,,
,,,,,19850820,,,,,,P00989,P00989,,
,,,,,19640605,,,,,,P00990,P00990,,
,,,,,19850220,,,,,,P00991,P00991,,
,,,,,19700516,,,,,,P00992,P00992,,
,,,,,19900922,,,,,,P00993,P00993,,
,,,,,19930313,,,,,,P00994,P00994,,
,,,,,19931208,,,,,,P00995,P00995,,
,,,,,19921128,,,,,,P00996,P00996,,
,,,,,19920314,,,,,,P00997,P00997,,
,,,,,19951214,,,,,,P00998,P00998,,
,,,,,19720425,,,,,,P00999,P00999,,
,,,,,19851230,,,,,,P01000,P01000,,
,,,,,19730917,,,,,,P01001,P01001,,
,,,,,19550611,,,,,,P01002,P01002,,
,,,,,19800410,,,,,,P01003,P01003,,
,,,,,19770629,,,,,,P01004,P01004,,
,,,,,19890118,,,,,,P01005,P01005,,
,,,,,19620715,,,,,,P01006,P01006,,
,,,,,19860314,,,,,,P01007,P01007,,
,,,,,19610729,,,,,,P01008,P01008,,
,,,,,19850417,,,,,,P01009,P01009,,
,,,,,19921105,,,,,,P01010,P01010,,
,,,,,19881010,,,,,,P01011,P01011,,
,,,,,19611030,,,,,,P01012,P01012,,
,,,,,19900623,,,,,,P01013,P01013,,
,,,,,19720202,,,,,,P01014,P01014,,
,,,,,19800605,,,,,,P01015,P01015,,
,,,,,19750122,,,,,,P01016,P01016,,
,,,,,19771105,,,,,,P01017,P01017,,
,,,,,19900704,,,,,,P01018,P01018,,
,,,,,19910529,,,,,,P01019,P01019,,
,,,,,19690816,,,,,,P01020,P01020,,
,,,,,19690714,,,,,,P01021,P01021,,
,,,,,19841007,,,,,,P01022,P01022,,
,,,,,19880819,,,,,,P01023,P01023,,
,,,,,19851218,,,,,,P01024,P01024,,
,,,,,19751009,,,,,,P01025,P01025,,
,,,,,19691214,,,,,,P01026,P01026,,
,,,,,19930429,,,,,,P01027,P01027,,
,,,,,19750123,,,,,,P01028,P01028,,
,,,,,19731222,,,,,,P01029,P01029,,
,,,,,19920630,,,,,,P01030,P01030,,
,,,,,19660716,,,,,,P01031,P01031,,
,,,,,19660118,,,,,,P01032,P01032,,
,,,,,19870926,,,,,,P01033,P01033,,
,,,,,19880111,,,,,,P01034,P01034,,
,,,,,19871014,,,,,,P01035,P01035,,
,,,,,19660131,,,,,,P01036,P01036,,
,,,,,19900711,,,,,,P01037,P01037,,
,,,,,19910515,,,,,,P01038,P01038,,
,,,,,19830428,,,,,,P01039,P01039,,
,,,,,19930331,,,,,,P01040,P01040,,
,,,,,19610116,,,,,,P01041,P01041,,
,,,,,19930807,,,,,,P01042,P01042,,
,,,,,19580612,,,,,,P01043,P01043,,
,,,,,19810120,,,,,,P01044,P01044,,
,,,,,19810531,,,,,,P01045,P01045,,
,,,,,19851109,,,,,,P01046,P01046,,
,,,,,19670724,,,,,,P01047,P01047,,
,,,,,19510531,,,,,,P01048,P01048,,
,,,,,19640930,,,,,,P01049,P01049,,
,,,,,19750514,,,,,,P01050,P01050,,
,,,,,19800730,,,,,,P01051,P01051,,
,,,,,19861103,,,,,,P01052,P01052,,
,,,,,19940223,,,,,,P01053,P01053,,
,,,,,19850805,,,,,,P01054,P01054,,
,,,,,19710507,,,,,,P01055,P01055,,
,,,,,19830718,,,,,,P01056,P01056,,
,,,,,19800702,,,,,,P01057,P01057,,
,,,,,19840415,,,,,,P01058,P01058,,
,,,,,19791225,,,,,,P01059,P01059,,
,,,,,19870923,,,,,,P01060,P01060,,
,,,,,19830108,,,,,,P01061,P01061,,
,,,,,19880205,,,,,,P01062,P01062,,
,,,,,19820116,,,,,,P01063,P01063,,
,,,,,19871021,,,,,,P01064,P01064,,
,,,,,19861214,,,,,,P01065,P01065,,
,,,,,19681220,,,,,,P01066,P01066,,
,,,,,19850427,,,,,,P01067,P01067,,
,,,,,19860819,,,,,,P01068,P01068,,
,,,,,19660521,,,,,,P01069,P01069,,
,,,,,19650413,,,,,,P01070,P01070,,
,,,,,19610820,,,,,,P01071,P01071,,
,,,,,19621208,,,,,,P01072,P01072,,
,,,,,19700908,,,,,,P01073,P01073,,
,,,,,19930208,,,,,,P01074,P01074,,
,,,,,19610817,,,,,,P01075,P01075,,
,,,,,19570119,,,,,,P01076,P01076,,
,,,,,19661002,,,,,,P01077,P01077,,
,,,,,19560207,,,,,,P01078,P01078,,
,,,,,19860731,,,,,,P01079,P01079,,
,,,,,19800820,,,,,,P01080,P01080,,
,,,,,19910419,,,,,,P01081,P01081,,
,,,,,19600706,,,,,,P01082,P01082,,
,,,,,19850713,,,,,,P01083,P01083,,
,,,,,19830414,,,,,,P01084,P01084,,
,,,,,19660615,,,,,,P01085,P01085,,
,,,,,19920703,,,,,,P01086,P01086,,
,,,,,19870215,,,,,,P01087,P01087,,
,,,,,19910402,,,,,,P01088,P01088,,
,,,,,19890405,,,,,,P01089,P01089,,
,,,,,19810607,,,,,,P01090,P01090,,
,,,,,19610702,,,,,,P01091,P01091,,
,,,,,19811222,,,,,,P01092,P01092,,
,,,,,19930519,,,,,,P01093,P01093,,
,,,,,19921208,,,,,,P01094,P01094,,
,,,,,19721030,,,,,,P01095,P01095,,
,,,,,19910412,,,,,,P01096,P01096,,
,,,,,19660125,,,,,,P01097,P01097,,
,,,,,19770202,,,,,,P01098,P01098,,
,,,,,19800904,,,,,,P01100,P01100,,
,,,,,19831014,,,,,,P01101,P01101,,
,,,,,19781126,,,,,,P01102,P01102,,
,,,,,19770103,,,,,,P01103,P01103,,
,,,,,19821118,,,,,,P01104,P01104,,
,,,,,19971101,,,,,,P01105,P01105,,
,,,,,19911117,,,,,,P01106,P01106,,
,,,,,19911116,,,,,,P01107,P01107,,
,,,,,19830906,,,,,,P01108,P01108,,
,,,,,19870411,,,,,,P01109,P01109,,
,,,,,19920609,,,,,,P01110,P01110,,
,,,,,19811018,,,,,,P01111,P01111,,
,,,,,19870816,,,,,,P01112,P01112,,
,,,,,19961220,,,,,,P01113,P01113,,
,,,,,19890606,,,,,,P01114,P01114,,
,,,,,19711229,,,,,,P01115,P01115,,
,,,,,19920510,,,,,,P01116,P01116,,
,,,,,19860331,,,,,,P01117,P01117,,
,,,,,19850515,,,,,,P01118,P01118,,
,,,,,19930412,,,,,,P01119,P01119,,
,,,,,19670831,,,,,,P01120,P01120,,
,,,,,19830922,,,,,,P01121,P01121,,
,,,,,19770616,,,,,,P01122,P01122,,
,,,,,19800204,,,,,,P01123,P01123,,
,,,,,19700514,,,,,,P01124,P01124,,
,,,,,19900901,,,,,,P01125,P01125,,
,,,,,19610226,,,,,,P01126,P01126,,
,,,,,19660918,,,,,,P01127,P01127,,
,,,,,19890912,,,,,,P01128,P01128,,
,,,,,19831215,,,,,,P01129,P01129,,
,,,,,19710101,,,,,,P01130,P01130,,
,,,,,19710101,,,,,,P01131,P01131,,
,,,,,19710101,,,,,,P01132,P01132,,
,,,,,19710101,,,,,,P01133,P01133,,
,,,,,19710101,,,,,,P01134,P01134,,
,,,,,19710101,,,,,,P01135,P01135,,
,,,,,19710101,,,,,,P01136,P01136,,
,,,,,19610704,,,,,,P01137,P01137,,
,,,,,19710101,,,,,,P01138,P01138,,
,,,,,19710101,,,,,,P01139,P01139,,
,,,,,19710101,,,,,,P01140,P01140,,
,,,,,19710101,,,,,,P01141,P01141,,
,,,,,19710101,,,,,,P01142,P01142,,
,,,,,19710101,,,,,,P01143,P01143,,
,,,,,19980531,,,,,,P01144,P01144,,
,,,,,19970611,,,,,,P01145,P01145,,
,,,,,19991109,,,,,,P01146,P01146,,
,,,,,19961202,,,,,,P01147,P01147,,
,,,,,19980629,,,,,,P01148,P01148,,
,,,,,19710101,,,,,,P01149,P01149,,
,,,,,19710101,,,,,,P01150,P01150,,
,,,,,19690218,,,,,,P01151,P01151,,
,,,,,19710101,,,,,,P01152,P01152,,
,,,,,19710101,,,,,,P01153,P01153,,
,,,,,19710101,,,,,,P01154,P01154,,
,,,,,19000101,,,,,,P01155,P01155,,
,,,,,19000101,,,,,,P01156,P01156,,
,,,,,19950602,,,,,,P01157,P01157,,
,,,,,19770406,,,,,,P01158,P01158,,
,,,,,19921219,,,,,,P01159,P01159,,
,,,,,19960102,,,,,,P01160,P01160,,
,,,,,19900623,,,,,,P01161,P01161,,
,,,,,19710101,,,,,,P01162,P01162,,
,,,,,19891228,,,,,,P01163,P01163,,
,,,,,19871103,,,,,,P01164,P01164,,
,,,,,19910621,,,,,,P01165,P01165,,
,,,,,19890416,,,,,,P01166,P01166,,
,,,,,19900118,,,,,,P01167,P01167,,
,,,,,19881112,,,,,,P01168,P01168,,
,,,,,19920516,,,,,,P01169,P01169,,
,,,,,19910422,,,,,,P01170,P01170,,
,,,,,19950206,,,,,,P01171,P01171,,
,,,,,19970206,,,,,,P01172,P01172,,
,,,,,19951104,,,,,,P01173,P01173,,
,,,,,19560201,,,,,,P01174,P01174,,
,,,,,19790521,,,,,,P01175,P01175,,
,,,,,19960825,,,,,,P01176,P01176,,
,,,,,19690725,,,,,,P01177,P01177,,
,,,,,19931222,,,,,,P01178,P01178,,
,,,,,19940106,,,,,,P01179,P01179,,
,,,,,19971021,,,,,,P01180,P01180,,
,,,,,19911127,,,,,,P01181,P01181,,
,,,,,19690622,,,,,,P01182,P01182,,
,,,,,19661030,,,,,,P01183,P01183,,
,,,,,19710101,,,,,,P01184,P01184,,
,,,,,19710101,,,,,,P01185,P01185,,
,,,,,19710101,,,,,,P01186,P01186,,
,,,,,19970912,,,,,,P01187,P01187,,
,,,,,19710101,,,,,,P01188,P01188,,
,,,,,20010327,,,,,,P01189,P01189,,
,,,,,20010613,,,,,,P01190,P01190,,
,,,,,19940904,,,,,,P01191,P01191,,
,,,,,19990805,,,,,,P01193,P01193,,
,,,,,19971104,,,,,,P01194,P01194,,
,,,,,19981028,,,,,,P01195,P01195,,
,,,,,19940118,,,,,,P01196,P01196,,
,,,,,19990413,,,,,,P01197,P01197,,
,,,,,19970529,,,,,,P01198,P01198,,
,,,,,19981202,,,,,,P01199,P01199,,
,,,,,19971024,,,,,,P01200,P01200,,
,,,,,19980823,,,,,,P01201,P01201,,
,,,,,19921124,,,,,,P01202,P01202,,
,,,,,19990210,,,,,,P01203,P01203,,
,,,,,19980318,,,,,,P01204,P01204,,
,,,,,19710101,,,,,,P01205,P01205,,
,,,,,19710101,,,,,,P01206,P01206,,
,,,,,19990101,,,,,,P01207,P01207,,
,,,,,19970723,,,,,,P01208,P01208,,
,,,,,19710101,,,,,,P01209,P01209,,
,,,,,19980227,,,,,,P01210,P01210,,
,,,,,19821022,,,,,,P01211,P01211,,
,,,,,19930829,,,,,,P01212,P01212,,
,,,,,19950306,,,,,,P01213,P01213,,
,,,,,19921109,,,,,,P01214,P01214,,
,,,,,19990519,,,,,,P01215,P01215,,
,,,,,19970612,,,,,,P01216,P01216,,
,,,,,19960920,,,,,,P01217,P01217,,
,,,,,19830526,,,,,,P01218,P01218,,
,,,,,19700310,,,,,,P01219,P01219,,
,,,,,19820919,,,,,,P01220,P01220,,
,,,,,19990903,,,,,,P01221,P01221,,
,,,,,19940520,,,,,,P01222,P01222,,
,,,,,19940114,,,,,,P01223,P01223,,
,,,,,19931111,,,,,,P01224,P01224,,
,,,,,19931201,,,,,,P01225,P01225,,
,,,,,19911110,,,,,,P01226,P01226,,
,,,,,19940204,,,,,,P01227,P01227,,
,,,,,19921011,,,,,,P01228,P01228,,
,,,,,19731204,,,,,,P01229,P01229,,
,,,,,19910404,,,,,,P01230,P01230,,
,,,,,19710101,,,,,,P01231,P01231,,
,,,,,19710101,,,,,,P01232,P01232,,
,,,,,19700123,,,,,,P01233,P01233,,
,,,,,19930514,,,,,,P01234,P01234,,
,,,,,19520830,,,,,,P01235,P01235,,
,,,,,19931109,,,,,,P01236,P01236,,
,,,,,19940413,,,,,,P01237,P01237,,
,,,,,19870306,,,,,,P01238,P01238,,
,,,,,19930616,,,,,,P01239,P01239,,
,,,,,19710117,,,,,,P01240,P01240,,
,,,,,19650213,,,,,,P01241,P01241,,
,,,,,19661231,,,,,,P01242,P01242,,
,,,,,19870811,,,,,,P01243,P01243,,
,,,,,19710101,,,,,,P01244,P01244,,
,,,,,19930528,,,,,,P01245,P01245,,
,,,,,19761016,,,,,,P01246,P01246,,
,,,,,20000829,,,,,,P01247,P01247,,
,,,,,19971114,,,,,,P01248,P01248,,
,,,,,19780420,,,,,,P01249,P01249,,
,,,,,19971217,,,,,,P01250,P01250,,
,,,,,19710101,,,,,,P01251,P01251,,
,,,,,19710909,,,,,,P01252,P01252,,
,,,,,19760421,,,,,,P01254,P01254,,
,,,,,19860123,,,,,,P01255,P01255,,
,,,,,19710101,,,,,,P01256,P01256,,
,,,,,20000627,,,,,,P01257,P01257,,
,,,,,19840606,,,,,,P01258,P01258,,
,,,,,19881109,,,,,,P01259,P01259,,
,,,,,19520226,,,,,,P01260,P01260,,
,,,,,19740102,,,,,,P01261,P01261,,
,,,,,20010209,,,,,,P01262,P01262,,
,,,,,19540418,,,,,,P01263,P01263,,
,,,,,19550116,,,,,,P01264,P01264,,
,,,,,19560628,,,,,,P01265,P01265,,
,,,,,19500321,,,,,,P01266,P01266,,
,,,,,19570811,,,,,,P01267,P01267,,
,,,,,19791113,,,,,,P01268,P01268,,
,,,,,19640828,,,,,,P01269,P01269,,
,,,,,19711015,,,,,,P01270,P01270,,
,,,,,19650105,,,,,,P01271,P01271,,
,,,,,19700315,,,,,,P01272,P01272,,
,,,,,19790702,,,,,,P01273,P01273,,
,,,,,19710111,,,,,,P01274,P01274,,
,,,,,19780719,,,,,,P01275,P01275,,
,,,,,19810716,,,,,,P01276,P01276,,
,,,,,19730905,,,,,,P01277,P01277,,
,,,,,19820507,,,,,,P01278,P01278,,
,,,,,19770310,,,,,,P01279,P01279,,
,,,,,19840519,,,,,,P01280,P01280,,
,,,,,19970411,,,,,,P01281,P01281,,
,,,,,19660131,,,,,,P01282,P01282,,
,,,,,19780801,,,,,,P01283,P01283,,
,,,,,19710101,,,,,,P01284,P01284,,
,,,,,19660224,,,,,,P01285,P01285,,
,,,,,19810904,,,,,,P01286,P01286,,
,,,,,19550611,,,,,,P01287,P01287,,
,,,,,19840910,,,,,,P01288,P01288,,
,,,,,20001213,,,,,,P01289,P01289,,
,,,,,19850128,,,,,,P01290,P01290,,
,,,,,19800423,,,,,,P01291,P01291,,
,,,,,19811029,,,,,,P01292,P01292,,
,,,,,19850423,,,,,,P01293,P01293,,
,,,,,20000729,,,,,,P01294,P01294,,
,,,,,19681227,,,,,,P01295,P01295,,
,,,,,19600314,,,,,,P01296,P01296,,
,,,,,19820716,,,,,,P01297,P01297,,
,,,,,19850425,,,,,,P01298,P01298,,
,,,,,19840802,,,,,,P01299,P01299,,
,,,,,20000914,,,,,,P01300,P01300,,
,,,,,19790713,,,,,,P01301,P01301,,
,,,,,19640111,,,,,,P01302,P01302,,
,,,,,19660812,,,,,,P01303,P01303,,
,,,,,19860316,,,,,,P01304,P01304,,
,,,,,19750909,,,,,,P01305,P01305,,
,,,,,19850609,,,,,,P01306,P01306,,
,,,,,19820320,,,,,,P01307,P01307,,
,,,,,19630923,,,,,,P01308,P01308,,
,,,,,19870828,,,,,,P01309,P01309,,
,,,,,19810511,,,,,,P01310,P01310,,
,,,,,19830406,,,,,,P01311,P01311,,
,,,,,19820623,,,,,,P01312,P01312,,
,,,,,19721126,,,,,,P01313,P01313,,
,,,,,19840707,,,,,,P01314,P01314,,
,,,,,19720506,,,,,,P01315,P01315,,
,,,,,19780108,,,,,,P01316,P01316,,
,,,,,19890529,,,,,,P01317,P01317,,
,,,,,19710101,,,,,,P01318,P01318,,
,,,,,19690616,,,,,,P01319,P01319,,
,,,,,19891224,,,,,,P01320,P01320,,
,,,,,19821231,,,,,,P01321,P01321,,
,,,,,19770525,,,,,,P01322,P01322,,
,,,,,19860605,,,,,,P01323,P01323,,
,,,,,19880517,,,,,,P01324,P01324,,
,,,,,19950321,,,,,,P01325,P01325,,
,,,,,19670428,,,,,,P01326,P01326,,
,,,,,19840601,,,,,,P01327,P01327,,
,,,,,19760607,,,,,,P01328,P01328,,
,,,,,19851109,,,,,,P01329,P01329,,
,,,,,19830426,,,,,,P01330,P01330,,
,,,,,19770418,,,,,,P01331,P01331,,
,,,,,19860416,,,,,,P01332,P01332,,
,,,,,19740117,,,,,,P01333,P01333,,
,,,,,19850928,,,,,,P01334,P01334,,
,,,,,19830918,,,,,,P01335,P01335,,
,,,,,19620104,,,,,,P01336,P01336,,
,,,,,19691128,,,,,,P01337,P01337,,
,,,,,19790510,,,,,,P01338,P01338,,
,,,,,19630313,,,,,,P01339,P01339,,
,,,,,19730623,,,,,,P01340,P01340,,
,,,,,19990314,,,,,,P01341,P01341,,
,,,,,19941125,,,,,,P01342,P01342,,
,,,,,19890305,,,,,,P01343,P01343,,
,,,,,19871001,,,,,,P01344,P01344,,
,,,,,19801115,,,,,,P01345,P01345,,
,,,,,19810813,,,,,,P01346,P01346,,
,,,,,19801114,,,,,,P01347,P01347,,
,,,,,19871201,,,,,,P01348,P01348,,
,,,,,19841206,,,,,,P01349,P01349,,
,,,,,19810916,,,,,,P01350,P01350,,
,,,,,19800614,,,,,,P01351,P01351,,
,,,,,19710710,,,,,,P01352,P01352,,
,,,,,19841107,,,,,,P01353,P01353,,
,,,,,19510725,,,,,,P01354,P01354,,
,,,,,19810701,,,,,,P01355,P01355,,
,,,,,19820524,,,,,,P01356,P01356,,
,,,,,19850507,,,,,,P01357,P01357,,
,,,,,19671114,,,,,,P01358,P01358,,
,,,,,19721030,,,,,,P01359,P01359,,
,,,,,19880608,,,,,,P01360,P01360,,
,,,,,19700704,,,,,,P01361,P01361,,
,,,,,19730215,,,,,,P01362,P01362,,
,,,,,19760830,,,,,,P01363,P01363,,
,,,,,19710101,,,,,,P01364,P01364,,
,,,,,19770702,,,,,,P01365,P01365,,
,,,,,19680722,,,,,,P01366,P01366,,
,,,,,19710101,,,,,,P01367,P01367,,
,,,,,19780222,,,,,,P01368,P01368,,
,,,,,19840517,,,,,,P01369,P01369,,
,,,,,19601124,,,,,,P01370,P01370,,
,,,,,19790115,,,,,,P01371,P01371,,
,,,,,19810826,,,,,,P01372,P01372,,
,,,,,19881105,,,,,,P01373,P01373,,
,,,,,19630424,,,,,,P01374,P01374,,
,,,,,19721026,,,,,,P01375,P01375,,
,,,,,19820224,,,,,,P01376,P01376,,
,,,,,19951223,,,,,,P01377,P01377,,
,,,,,19870907,,,,,,P01378,P01378,,
,,,,,19950812,,,,,,P01379,P01379,,
,,,,,19820112,,,,,,P01380,P01380,,
,,,,,19670131,,,,,,P01381,P01381,,
,,,,,19710101,,,,,,P01382,P01382,,
,,,,,19850115,,,,,,P01383,P01383,,
,,,,,19601111,,,,,,P01384,P01384,,
,,,,,19790711,,,,,,P01385,P01385,,
,,,,,19851102,,,,,,P01386,P01386,,
,,,,,19741012,,,,,,P01387,P01387,,
,,,,,19730912,,,,,,P01388,P01388,,
,,,,,19580527,,,,,,P01389,P01389,,
,,,,,19740512,,,,,,P01390,P01390,,
,,,,,19720315,,,,,,P01391,P01391,,
,,,,,19840311,,,,,,P01392,P01392,,
,,,,,19780131,,,,,,P01393,P01393,,
,,,,,19900122,,,,,,P01394,P01394,,
,,,,,19820602,,,,,,P01395,P01395,,
,,,,,19550812,,,,,,P01396,P01396,,
,,,,,19640912,,,,,,P01397,P01397,,
,,,,,19761130,,,,,,P01398,P01398,,
,,,,,19850907,,,,,,P01399,P01399,,
,,,,,19581022,,,,,,P01400,P01400,,
,,,,,19720113,,,,,,P01401,P01401,,
,,,,,19641028,,,,,,P01402,P01402,,
,,,,,19691021,,,,,,P01403,P01403,,
,,,,,19930414,,,,,,P01404,P01404,,
,,,,,19521204,,,,,,P01405,P01405,,
,,,,,19690209,,,,,,P01406,P01406,,
,,,,,19780915,,,,,,P01407,P01407,,
,,,,,19590726,,,,,,P01408,P01408,,
,,,,,19781106,,,,,,P01409,P01409,,
,,,,,19631115,,,,,,P01410,P01410,,
,,,,,19731005,,,,,,P01411,P01411,,
,,,,,19880912,,,,,,P01412,P01412,,
,,,,,19541102,,,,,,P01413,P01413,,
,,,,,19580726,,,,,,P01414,P01414,,
,,,,,19730415,,,,,,P01415,P01415,,
,,,,,19731230,,,,,,P01416,P01416,,
,,,,,19870320,,,,,,P01417,P01417,,
,,,,,19700817,,,,,,P01418,P01418,,
,,,,,19730131,,,,,,P01419,P01419,,
,,,,,19810112,,,,,,P01420,P01420,,
,,,,,19730425,,,,,,P01421,P01421,,
,,,,,19850708,,,,,,P01422,P01422,,
,,,,,19770804,,,,,,P01423,P01423,,
,,,,,19630428,,,,,,P01424,P01424,,
,,,,,19630205,,,,,,P01425,P01425,,
,,,,,19800112,,,,,,P01426,P01426,,
,,,,,19751208,,,,,,P01427,P01427,,
,,,,,19830614,,,,,,P01428,P01428,,
,,,,,19660825,,,,,,P01429,P01429,,
,,,,,19780403,,,,,,P01430,P01430,,
,,,,,19720623,,,,,,P01431,P01431,,
,,,,,19540829,,,,,,P01432,P01432,,
,,,,,19501025,,,,,,P01433,P01433,,
,,,,,19770904,,,,,,P01434,P01434,,
,,,,,19750923,,,,,,P01435,P01435,,
,,,,,19750303,,,,,,P01436,P01436,,
,,,,,19570720,,,,,,P01437,P01437,,
,,,,,19530524,,,,,,P01438,P01438,,
,,,,,19860723,,,,,,P01439,P01439,,
,,,,,19630710,,,,,,P01440,P01440,,
,,,,,19731118,,,,,,P01441,P01441,,
,,,,,19790720,,,,,,P01442,P01442,,
,,,,,19850310,,,,,,P01443,P01443,,
,,,,,19650723,,,,,,P01444,P01444,,
,,,,,19571231,,,,,,P01445,P01445,,
,,,,,19680518,,,,,,P01446,P01446,,
,,,,,19880605,,,,,,P01447,P01447,,
,,,,,19680216,,,,,,P01448,P01448,,
,,,,,19840909,,,,,,P01449,P01449,,
,,,,,19781111,,,,,,P01450,P01450,,
,,,,,19600816,,,,,,P01451,P01451,,
,,,,,19640411,,,,,,P01452,P01452,,
,,,,,19660912,,,,,,P01453,P01453,,
,,,,,19841227,,,,,,P01454,P01454,,
,,,,,19720522,,,,,,P01455,P01455,,
,,,,,19760724,,,,,,P01456,P01456,,
,,,,,19870511,,,,,,P01457,P01457,,
,,,,,19560216,,,,,,P01458,P01458,,
,,,,,19691115,,,,,,P01459,P01459,,
,,,,,19810322,,,,,,P01460,P01460,,
,,,,,19501217,,,,,,P01461,P01461,,
,,,,,19680729,,,,,,P01462,P01462,,
,,,,,19660902,,,,,,P01463,P01463,,
,,,,,19590804,,,,,,P01464,P01464,,
,,,,,19800513,,,,,,P01465,P01465,,
,,,,,19711004,,,,,,P01466,P01466,,
,,,,,19670228,,,,,,P01467,P01467,,
,,,,,19780523,,,,,,P01468,P01468,,
,,,,,19840418,,,,,,P01469,P01469,,
,,,,,19690528,,,,,,P01470,P01470,,
,,,,,19620627,,,,,,P01472,P01472,,
,,,,,19890830,,,,,,P01473,P01473,,
,,,,,19530514,,,,,,P01474,P01474,,
,,,,,19800419,,,,,,P01475,P01475,,
,,,,,19740816,,,,,,P01476,P01476,,
,,,,,19961231,,,,,,P01477,P01477,,
,,,,,19860607,,,,,,P01478,P01478,,
,,,,,19570910,,,,,,P01479,P01479,,
,,,,,19600826,,,,,,P01480,P01480,,
,,,,,19670619,,,,,,P01481,P01481,,
,,,,,19730610,,,,,,P01482,P01482,,
,,,,,19641211,,,,,,P01483,P01483,,
,,,,,19661018,,,,,,P01484,P01484,,
,,,,,19660415,,,,,,P01485,P01485,,
,,,,,19570202,,,,,,P01486,P01486,,
,,,,,19700731,,,,,,P01487,P01487,,
,,,,,19920306,,,,,,P01488,P01488,,
,,,,,19731128,,,,,,P01489,P01489,,
,,,,,19610828,,,,,,P01490,P01490,,
,,,,,19631223,,,,,,P01491,P01491,,
,,,,,19650909,,,,,,P01492,P01492,,
,,,,,19750817,,,,,,P01493,P01493,,
,,,,,19890424,,,,,,P01494,P01494,,
,,,,,19660630,,,,,,P01495,P01495,,
,,,,,19811220,,,,,,P01496,P01496,,
,,,,,19820919,,,,,,P01497,P01497,,
,,,,,19790408,,,,,,P01498,P01498,,
,,,,,19590916,,,,,,P01499,P01499,,
,,,,,19670820,,,,,,P01500,P01500,,
,,,,,19830110,,,,,,P01501,P01501,,
,,,,,19660104,,,,,,P01502,P01502,,
,,,,,19850722,,,,,,P01503,P01503,,
,,,,,19670414,,,,,,P01504,P01504,,
,,,,,19671220,,,,,,P01505,P01505,,
,,,,,19700531,,,,,,P01506,P01506,,
,,,,,19820712,,,,,,P01507,P01507,,
,,,,,19710101,,,,,,P01508,P01508,,
,,,,,19721207,,,,,,P01509,P01509,,
,,,,,19800128,,,,,,P01510,P01510,,
,,,,,19850828,,,,,,P01511,P01511,,
,,,,,19630618,,,,,,P01512,P01512,,
,,,,,19540412,,,,,,P01513,P01513,,
,,,,,19900928,,,,,,P01514,P01514,,
,,,,,19591221,,,,,,P01515,P01515,,
,,,,,19800623,,,,,,P01516,P01516,,
,,,,,19831016,,,,,,P01517,P01517,,
,,,,,19920503,,,,,,P01518,P01518,,
,,,,,19770528,,,,,,P01519,P01519,,
,,,,,19771019,,,,,,P01520,P01520,,
,,,,,19640111,,,,,,P01521,P01521,,
,,,,,19950320,,,,,,P01522,P01522,,
,,,,,19640612,,,,,,P01523,P01523,,
,,,,,19611119,,,,,,P01524,P01524,,
,,,,,19870515,,,,,,P01525,P01525,,
,,,,,19921021,,,,,,P01526,P01526,,
,,,,,19580529,,,,,,P01527,P01527,,
,,,,,19800221,,,,,,P01528,P01528,,
,,,,,19801103,,,,,,P01529,P01529,,
,,,,,19751011,,,,,,P01530,P01530,,
,,,,,19860531,,,,,,P01531,P01531,,
,,,,,19701203,,,,,,P01532,P01532,,
,,,,,19870830,,,,,,P01533,P01533,,
,,,,,19610615,,,,,,P01534,P01534,,
,,,,,19520628,,,,,,P01535,P01535,,
,,,,,19520604,,,,,,P01536,P01536,,
,,,,,19731012,,,,,,P01537,P01537,,
,,,,,19760406,,,,,,P01538,P01538,,
,,,,,19941217,,,,,,P01539,P01539,,
,,,,,19900302,,,,,,P01540,P01540,,
,,,,,19630307,,,,,,P01541,P01541,,
,,,,,19900302,,,,,,P01542,P01542,,
,,,,,19730110,,,,,,P01543,P01543,,
,,,,,19940411,,,,,,P01544,P01544,,
,,,,,19790403,,,,,,P01545,P01545,,
,,,,,19640930,,,,,,P01546,P01546,,
,,,,,19630226,,,,,,P01547,P01547,,
,,,,,19790424,,,,,,P01548,P01548,,
,,,,,19630915,,,,,,P01549,P01549,,
,,,,,19570924,,,,,,P01550,P01550,,
,,,,,19710327,,,,,,P01551,P01551,,
,,,,,19740406,,,,,,P01552,P01552,,
,,,,,19830424,,,,,,P01553,P01553,,
,,,,,19760226,,,,,,P01554,P01554,,
,,,,,19920725,,,,,,P01555,P01555,,
,,,,,19821124,,,,,,P01556,P01556,,
,,,,,19571008,,,,,,P01557,P01557,,
,,,,,19940123,,,,,,P01558,P01558,,
,,,,,19950421,,,,,,P01559,P01559,,
,,,,,19760801,,,,,,P01560,P01560,,
,,,,,19921012,,,,,,P01561,P01561,,
,,,,,19900312,,,,,,P01562,P01562,,
,,,,,19900310,,,,,,P01563,P01563,,
,,,,,19720116,,,,,,P01564,P01564,,
,,,,,19630312,,,,,,P01565,P01565,,
,,,,,19820802,,,,,,P01566,P01566,,
,,,,,19931103,,,,,,P01567,P01567,,
,,,,,19940119,,,,,,P01568,P01568,,
,,,,,19540616,,,,,,P01569,P01569,,
,,,,,19890511,,,,,,P01570,P01570,,
,,,,,19760106,,,,,,P01571,P01571,,
,,,,,19890807,,,,,,P01572,P01572,,
,,,,,19930809,,,,,,P01573,P01573,,
,,,,,19880209,,,,,,P01574,P01574,,
,,,,,19921024,,,,,,P01575,P01575,,
,,,,,19780618,,,,,,P01576,P01576,,
,,,,,19870730,,,,,,P01577,P01577,,
,,,,,19970224,,,,,,P01578,P01578,,
,,,,,19950929,,,,,,P01579,P01579,,
,,,,,19940116,,,,,,P01580,P01580,,
,,,,,19790306,,,,,,P01581,P01581,,
,,,,,19691109,,,,,,P01582,P01582,,
,,,,,19671114,,,,,,P01583,P01583,,
,,,,,19750805,,,,,,P01584,P01584,,
,,,,,19800324,,,,,,P01585,P01585,,
,,,,,19820126,,,,,,P01586,P01586,,
,,,,,19790907,,,,,,P01587,P01587,,
,,,,,19920414,,,,,,P01588,P01588,,
,,,,,19650419,,,,,,P01589,P01589,,
,,,,,19600507,,,,,,P01590,P01590,,
,,,,,19711227,,,,,,P01591,P01591,,
,,,,,19620330,,,,,,P01592,P01592,,
,,,,,19830907,,,,,,P01593,P01593,,
,,,,,19710109,,,,,,P01594,P01594,,
,,,,,19810605,,,,,,P01596,P01596,,
,,,,,19720721,,,,,,P01597,P01597,,
,,,,,19660804,,,,,,P01598,P01598,,
,,,,,19680317,,,,,,P01599,P01599,,
,,,,,19800416,,,,,,P01600,P01600,,
,,,,,19840123,,,,,,P01601,P01601,,
,,,,,19810131,,,,,,P01602,P01602,,
,,,,,19870511,,,,,,P01603,P01603,,
,,,,,19890418,,,,,,P01604,P01604,,
,,,,,19540125,,,,,,P01605,P01605,,
,,,,,19590118,,,,,,P01606,P01606,,
,,,,,19591118,,,,,,P01607,P01607,,
,,,,,19901003,,,,,,P01608,P01608,,
,,,,,19620205,,,,,,P01609,P01609,,
,,,,,19730614,,,,,,P01610,P01610,,
,,,,,19851209,,,,,,P01611,P01611,,
,,,,,19790719,,,,,,P01612,P01612,,
,,,,,19801231,,,,,,P01613,P01613,,
,,,,,19881004,,,,,,P01614,P01614,,
,,,,,19881119,,,,,,P01615,P01615,,
,,,,,19900223,,,,,,P01616,P01616,,
,,,,,19780822,,,,,,P01617,P01617,,
,,,,,19710101,,,,,,P01618,P01618,,
,,,,,19640716,,,,,,P01619,P01619,,
,,,,,19710101,,,,,,P01620,P01620,,
,,,,,19810908,,,,,,P01621,P01621,,
,,,,,19710101,,,,,,P01622,P01622,,
,,,,,19710101,,,,,,P01623,P01623,,
,,,,,19710101,,,,,,P01624,P01624,,
,,,,,19710101,,,,,,P01625,P01625,,
,,,,,19710101,,,,,,P01626,P01626,,
,,,,,19931007,,,,,,P01627,P01627,,
,,,,,19561126,,,,,,P01628,P01628,,
,,,,,19910430,,,,,,P01629,P01629,,
,,,,,19621019,,,,,,P01630,P01630,,
,,,,,19710101,,,,,,P01631,P01631,,
,,,,,19730714,,,,,,P01632,P01632,,
,,,,,19710101,,,,,,P01633,P01633,,
,,,,,19751029,,,,,,P01634,P01634,,
,,,,,19840807,,,,,,P01635,P01635,,
,,,,,19710101,,,,,,P01636,P01636,,
,,,,,19950508,,,,,,P01637,P01637,,
,,,,,19841216,,,,,,P01638,P01638,,
,,,,,19650525,,,,,,P01639,P01639,,
,,,,,19710101,,,,,,P01640,P01640,,
,,,,,19710101,,,,,,P01641,P01641,,
,,,,,19930604,,,,,,P01642,P01642,,
,,,,,19930721,,,,,,P01643,P01643,,
,,,,,19710604,,,,,,P01644,P01644,,
,,,,,19830604,,,,,,P01645,P01645,,
,,,,,19920808,,,,,,P01646,P01646,,
,,,,,19910723,,,,,,P01647,P01647,,
,,,,,19860526,,,,,,P01648,P01648,,
,,,,,19710101,,,,,,P01649,P01649,,
,,,,,19710101,,,,,,P01650,P01650,,
,,,,,19610407,,,,,,P01651,P01651,,
,,,,,19741104,,,,,,P01652,P01652,,
,,,,,19830117,,,,,,P01653,P01653,,
,,,,,19651231,,,,,,P01654,P01654,,
,,,,,19710101,,,,,,P01655,P01655,,
,,,,,19870420,,,,,,P01656,P01656,,
,,,,,19710101,,,,,,P01657,P01657,,
,,,,,19840930,,,,,,P01658,P01658,,
,,,,,19580628,,,,,,P01659,P01659,,
,,,,,19610312,,,,,,P01660,P01660,,
,,,,,19710101,,,,,,P01661,P01661,,
,,,,,19710101,,,,,,P01662,P01662,,
,,,,,19710101,,,,,,P01663,P01663,,
,,,,,19821222,,,,,,P01664,P01664,,
,,,,,19810102,,,,,,P01665,P01665,,
,,,,,19711216,,,,,,P01666,P01666,,
,,,,,19680512,,,,,,P01667,P01667,,
,,,,,19710101,,,,,,P01668,P01668,,
,,,,,19530505,,,,,,P01669,P01669,,
,,,,,19551214,,,,,,P01670,P01670,,
,,,,,19701209,,,,,,P01671,P01671,,
,,,,,19860520,,,,,,P01672,P01672,,
,,,,,19671113,,,,,,P01673,P01673,,
,,,,,19720719,,,,,,P01674,P01674,,
,,,,,19550922,,,,,,P01675,P01675,,
,,,,,19770130,,,,,,P01676,P01676,,
,,,,,19600228,,,,,,P01677,P01677,,
,,,,,19800808,,,,,,P01678,P01678,,
,,,,,19710101,,,,,,P01679,P01679,,
,,,,,19710101,,,,,,P01680,P01680,,
,,,,,19710101,,,,,,P01681,P01681,,
,,,,,19710101,,,,,,P01682,P01682,,
,,,,,19710101,,,,,,P01683,P01683,,
,,,,,19831002,,,,,,P01684,P01684,,
,,,,,19750320,,,,,,P01685,P01685,,
,,,,,19710101,,,,,,P01686,P01686,,
,,,,,19700726,,,,,,P01687,P01687,,
,,,,,19730428,,,,,,P01688,P01688,,
,,,,,19710101,,,,,,P01689,P01689,,
,,,,,19710101,,,,,,P01690,P01690,,
,,,,,19710101,,,,,,P01691,P01691,,
,,,,,19710101,,,,,,P01692,P01692,,
,,,,,19730720,,,,,,P01693,P01693,,
,,,,,19540909,,,,,,P01694,P01694,,
,,,,,19710101,,,,,,P01695,P01695,,
,,,,,19810610,,,,,,P01696,P01696,,
,,,,,19881006,,,,,,P01697,P01697,,
,,,,,20001029,,,,,,P01698,P01698,,
,,,,,19730527,,,,,,P01699,P01699,,
,,,,,19710626,,,,,,P01700,P01700,,
,,,,,19591217,,,,,,P01701,P01701,,
,,,,,19980213,,,,,,P01702,P01702,,
,,,,,19831127,,,,,,P01703,P01703,,
,,,,,19920927,,,,,,P01704,P01704,,
,,,,,19710101,,,,,,P01705,P01705,,
,,,,,19941022,,,,,,P01706,P01706,,
,,,,,19931005,,,,,,P01707,P01707,,
,,,,,19710101,,,,,,P01708,P01708,,
,,,,,19710101,,,,,,P01709,P01709,,
,,,,,19710101,,,,,,P01710,P01710,,
,,,,,19710313,,,,,,P01711,P01711,,
,,,,,19931001,,,,,,P01712,P01712,,
,,,,,19680723,,,,,,P01713,P01713,,
,,,,,19730526,,,,,,P01715,P01715,,
,,,,,19780418,,,,,,P01716,P01716,,
,,,,,19941108,,,,,,P01717,P01717,,
,,,,,19710101,,,,,,P01718,P01718,,
,,,,,19820726,,,,,,P01719,P01719,,
,,,,,19710101,,,,,,P01720,P01720,,
,,,,,19780703,,,,,,P01721,P01721,,
,,,,,19810413,,,,,,P01722,P01722,,
,,,,,19710101,,,,,,P01723,P01723,,
,,,,,19970913,,,,,,P01724,P01724,,
,,,,,19941230,,,,,,P01725,P01725,,
,,,,,19710101,,,,,,P01726,P01726,,
,,,,,19730118,,,,,,P01727,P01727,,
,,,,,19940501,,,,,,P01728,P01728,,
,,,,,19710101,,,,,,P01729,P01729,,
,,,,,19720120,,,,,,P01730,P01730,,
,,,,,20000126,,,,,,P01731,P01731,,
,,,,,19941116,,,,,,P01732,P01732,,
,,,,,19880812,,,,,,P01733,P01733,,
,,,,,19931025,,,,,,P01734,P01734,,
,,,,,19710101,,,,,,P01735,P01735,,
,,,,,19930614,,,,,,P01736,P01736,,
,,,,,19650730,,,,,,P01737,P01737,,
,,,,,19770815,,,,,,P01738,P01738,,
,,,,,19941114,,,,,,P01739,P01739,,
,,,,,19940607,,,,,,P01740,P01740,,
,,,,,19860420,,,,,,P01741,P01741,,
,,,,,19710101,,,,,,P01742,P01742,,
,,,,,19710101,,,,,,P01743,P01743,,
,,,,,19710101,,,,,,P01744,P01744,,
,,,,,19670908,,,,,,P01745,P01745,,
,,,,,19541113,,,,,,P01746,P01746,,
,,,,,19731018,,,,,,P01747,P01747,,
,,,,,19720415,,,,,,P01748,P01748,,
,,,,,19620420,,,,,,P01749,P01749,,
,,,,,19801007,,,,,,P01750,P01750,,
,,,,,19930902,,,,,,P01751,P01751,,
,,,,,19610710,,,,,,P01752,P01752,,
,,,,,19710101,,,,,,P01753,P01753,,
,,,,,19800507,,,,,,P01754,P01754,,
,,,,,19860215,,,,,,P01755,P01755,,
,,,,,19710101,,,,,,P01756,P01756,,
,,,,,19721118,,,,,,P01757,P01757,,
,,,,,19570503,,,,,,P01758,P01758,,
,,,,,19770723,,,,,,P01759,P01759,,
,,,,,19970416,,,,,,P01760,P01760,,
,,,,,19760318,,,,,,P01761,P01761,,
,,,,,19970706,,,,,,P01762,P01762,,
,,,,,19621201,,,,,,P01763,P01763,,
,,,,,19740131,,,,,,P01764,P01764,,
,,,,,19840319,,,,,,P01765,P01765,,
,,,,,19821129,,,,,,P01766,P01766,,
,,,,,19910630,,,,,,P01767,P01767,,
,,,,,19870322,,,,,,P01768,P01768,,
,,,,,19821030,,,,,,P01769,P01769,,
,,,,,19970309,,,,,,P01770,P01770,,
,,,,,19610101,,,,,,P01771,P01771,,
,,,,,19900812,,,,,,P01772,P01772,,
,,,,,19710101,,,,,,P01773,P01773,,
,,,,,19570404,,,,,,P01774,P01774,,
,,,,,19590825,,,,,,P01775,P01775,,
,,,,,19621013,,,,,,P01776,P01776,,
,,,,,19801015,,,,,,P01777,P01777,,
,,,,,19711013,,,,,,P01778,P01778,,
,,,,,19710911,,,,,,P01779,P01779,,
,,,,,19681221,,,,,,P01780,P01780,,
,,,,,19710101,,,,,,P01781,P01781,,
,,,,,19690322,,,,,,P01782,P01782,,
,,,,,19710101,,,,,,P01783,P01783,,
,,,,,19730526,,,,,,P01784,P01784,,
,,,,,19710101,,,,,,P01785,P01785,,
,,,,,19800325,,,,,,P01786,P01786,,
,,,,,19791107,,,,,,P01787,P01787,,
,,,,,19930430,,,,,,P01788,P01788,,
,,,,,19850414,,,,,,P01789,P01789,,
,,,,,19781229,,,,,,P01790,P01790,,
,,,,,19710101,,,,,,P01791,P01791,,
,,,,,19780102,,,,,,P01792,P01792,,
,,,,,19790922,,,,,,P01793,P01793,,
,,,,,19820913,,,,,,P01794,P01794,,
,,,,,19731024,,,,,,P01795,P01795,,
,,,,,19911202,,,,,,P01796,P01796,,
,,,,,19710101,,,,,,P01797,P01797,,
,,,,,19831210,,,,,,P01798,P01798,,
,,,,,19810804,,,,,,P01799,P01799,,
,,,,,19710101,,,,,,P01800,P01800,,
,,,,,19910915,,,,,,P01801,P01801,,
,,,,,19801111,,,,,,P01802,P01802,,
,,,,,19571109,,,,,,P01803,P01803,,
,,,,,19660120,,,,,,P01804,P01804,,
,,,,,19900116,,,,,,P01805,P01805,,
,,,,,19730112,,,,,,P01806,P01806,,
,,,,,19850925,,,,,,P01807,P01807,,
,,,,,19621120,,,,,,P01808,P01808,,
,,,,,19960813,,,,,,P01809,P01809,,
,,,,,19651127,,,,,,P01810,P01810,,
,,,,,19860118,,,,,,P01811,P01811,,
,,,,,19861004,,,,,,P01812,P01812,,
,,,,,19711103,,,,,,P01813,P01813,,
,,,,,19640326,,,,,,P01814,P01814,,
,,,,,19730210,,,,,,P01815,P01815,,
,,,,,19671223,,,,,,P01816,P01816,,
,,,,,19710713,,,,,,P01817,P01817,,
,,,,,19771104,,,,,,P01818,P01818,,
,,,,,19900614,,,,,,P01819,P01819,,
,,,,,19780408,,,,,,P01820,P01820,,
,,,,,19810330,,,,,,P01821,P01821,,
,,,,,19970705,,,,,,P01822,P01822,,
,,,,,19660522,,,,,,P01823,P01823,,
,,,,,19750503,,,,,,P01824,P01824,,
,,,,,19721119,,,,,,P01825,P01825,,
,,,,,19860525,,,,,,P01826,P01826,,
,,,,,19580215,,,,,,P01827,P01827,,
,,,,,19880327,,,,,,P01828,P01828,,
,,,,,19690215,,,,,,P01829,P01829,,
,,,,,19890708,,,,,,P01830,P01830,,
,,,,,19840206,,,,,,P01831,P01831,,
,,,,,19790402,,,,,,P01832,P01832,,
,,,,,19940427,,,,,,P01833,P01833,,
,,,,,19600209,,,,,,P01835,P01835,,
,,,,,19780629,,,,,,P01836,P01836,,
,,,,,19590731,,,,,,P01837,P01837,,
,,,,,19710101,,,,,,P01838,P01838,,
,,,,,19840107,,,,,,P01839,P01839,,
,,,,,19620605,,,,,,P01840,P01840,,
,,,,,19900712,,,,,,P01841,P01841,,
,,,,,19870204,,,,,,P01842,P01842,,
,,,,,19920826,,,,,,P01843,P01843,,
,,,,,19750701,,,,,,P01844,P01844,,
,,,,,19650209,,,,,,P01845,P01845,,
,,,,,19710101,,,,,,P01846,P01846,,
,,,,,19890907,,,,,,P01847,P01847,,
,,,,,19940723,,,,,,P01848,P01848,,
,,,,,19920619,,,,,,P01849,P01849,,
,,,,,19710101,,,,,,P01850,P01850,,
,,,,,19770407,,,,,,P01851,P01851,,
,,,,,19920915,,,,,,P01852,P01852,,
,,,,,19601008,,,,,,P01853,P01853,,
,,,,,19710101,,,,,,P01854,P01854,,
,,,,,19710125,,,,,,P01855,P01855,,
,,,,,19581223,,,,,,P01856,P01856,,
,,,,,19780105,,,,,,P01857,P01857,,
,,,,,19790505,,,,,,P01858,P01858,,
,,,,,19690320,,,,,,P01859,P01859,,
,,,,,19630901,,,,,,P01860,P01860,,
,,,,,19930502,,,,,,P01861,P01861,,
,,,,,19960402,,,,,,P01862,P01862,,
,,,,,19950503,,,,,,P01863,P01863,,
,,,,,19780406,,,,,,P01864,P01864,,
,,,,,19871008,,,,,,P01865,P01865,,
,,,,,19750124,,,,,,P01866,P01866,,
,,,,,19880604,,,,,,P01867,P01867,,
,,,,,19731029,,,,,,P01868,P01868,,
,,,,,19840801,,,,,,P01869,P01869,,
,,,,,19910309,,,,,,P01870,P01870,,
,,,,,19970613,,,,,,P01871,P01871,,
,,,,,19710101,,,,,,P01872,P01872,,
,,,,,19691121,,,,,,P01873,P01873,,
,,,,,19601112,,,,,,P01874,P01874,,
,,,,,19921001,,,,,,P01875,P01875,,
,,,,,19681202,,,,,,P01876,P01876,,
,,,,,19710101,,,,,,P01877,P01877,,
,,,,,19910902,,,,,,P01878,P01878,,
,,,,,19860518,,,,,,P01879,P01879,,
,,,,,19741106,,,,,,P01880,P01880,,
,,,,,19710101,,,,,,P01881,P01881,,
,,,,,19710101,,,,,,P01882,P01882,,
,,,,,19950628,,,,,,P01883,P01883,,
,,,,,19780912,,,,,,P01884,P01884,,
,,,,,19830921,,,,,,P01885,P01885,,
,,,,,19650905,,,,,,P01886,P01886,,
,,,,,19710101,,,,,,P01887,P01887,,
,,,,,19710101,,,,,,P01888,P01888,,
,,,,,19641024,,,,,,P01889,P01889,,
,,,,,19710101,,,,,,P01890,P01890,,
,,,,,19860215,,,,,,P01891,P01891,,
,,,,,19680128,,,,,,P01892,P01892,,
,,,,,19651125,,,,,,P01893,P01893,,
,,,,,19570710,,,,,,P01894,P01894,,
,,,,,19710709,,,,,,P01895,P01895,,
,,,,,19700502,,,,,,P01896,P01896,,
,,,,,19631210,,,,,,P01897,P01897,,
,,,,,19781009,,,,,,P01898,P01898,,
,,,,,19760217,,,,,,P01899,P01899,,
,,,,,19920419,,,,,,P01900,P01900,,
,,,,,19950302,,,,,,P01901,P01901,,
,,,,,19940819,,,,,,P01902,P01902,,
,,,,,19950127,,,,,,P01903,P01903,,
,,,,,19931001,,,,,,P01904,P01904,,
,,,,,19790714,,,,,,P01905,P01905,,
,,,,,19920315,,,,,,P01906,P01906,,
,,,,,19710101,,,,,,P01907,P01907,,
,,,,,19710101,,,,,,P01908,P01908,,
,,,,,19680902,,,,,,P00107,P00107,,
,,,,,19620503,,,,,,P00113,P00113,,
,,,,,19610402,,,,,,P00120,P00120,,
,,,,,19631224,,,,,,P00228,P00228,,
,,,,,19730815,,,,,,P00234,P00234,,
,,,,,19580317,,,,,,P00241,P00241,,
,,,,,19850824,,,,,,P00248,P00248,,
,,,,,19780928,,,,,,P00355,P00355,,
,,,,,19610423,,,,,,P00361,P00361,,
,,,,,19850606,,,,,,P00368,P00368,,
,,,,,19800202,,,,,,P00375,P00375,,
,,,,,19631119,,,,,,P00483,P00483,,
,,,,,19761011,,,,,,P00489,P00489,,
,,,,,19630227,,,,,,P00496,P00496,,
,,,,,19651014,,,,,,P00503,P00503,,
,,,,,19791116,,,,,,P01471,P01471,,
,,,,,19901014,,,,,,P00609,P00609,,
,,,,,19580605,,,,,,P00615,P00615,,
,,,,,19760728,,,,,,P00622,P00622,,
,,,,,19910307,,,,,,P00629,P00629,,
,,,,,19890902,,,,,,P00736,P00736,,
,,,,,19670216,,,,,,P00742,P00742,,
,,,,,19910320,,,,,,P01595,P01595,,
,,,,,19640103,,,,,,P00749,P00749,,
,,,,,19820927,,,,,,P00756,P00756,,
,,,,,19890819,,,,,,P00863,P00863,,
,,,,,19800718,,,,,,P00869,P00869,,
,,,,,19700515,,,,,,P00876,P00876,,
,,,,,19850403,,,,,,P00883,P00883,,
,,,,,19880615,,,,,,P01714,P01714,,
,,,,,19580111,,,,,,P01099,P01099,,
,,,,,19740829,,,,,,P01834,P01834,,
,,,,,19890408,,,,,,P01192,P01192,,
,,,,,19670514,,,,,,P01253,P01253,,
,,,,,19850222,,,,,,P01909,P01909,,
,,,,,19630407,,,,,,P01910,P01910,,
,,,,,19641011,,,,,,P01911,P01911,,
,,,,,19790505,,,,,,P01912,P01912,,
,,,,,19690306,,,,,,P01913,P01913,,
,,,,,19720826,,,,,,P01914,P01914,,
,,,,,19870715,,,,,,P01915,P01915,,
,,,,,19920928,,,,,,P01916,P01916,,
,,,,,19930627,,,,,,P01917,P01917,,
,,,,,19711108,,,,,,P01918,P01918,,
,,,,,19750428,,,,,,P01919,P01919,,
,,,,,19720726,,,,,,P01920,P01920,,
,,,,,19760819,,,,,,P01921,P01921,,
,,,,,19831004,,,,,,P01922,P01922,,
,,,,,19911126,,,,,,P01923,P01923,,
,,,,,19941119,,,,,,P01924,P01924,,
,,,,,19721216,,,,,,P01925,P01925,,
,,,,,19860715,,,,,,P01926,P01926,,
,,,,,19910104,,,,,,P01927,P01927,,
,,,,,19750808,,,,,,P01928,P01928,,
,,,,,19900922,,,,,,P01929,P01929,,
,,,,,19820925,,,,,,P01930,P01930,,
,,,,,19760123,,,,,,P01931,P01931,,
,,,,,19760319,,,,,,P01932,P01932,,
,,,,,19650103,,,,,,P01933,P01933,,
,,,,,19660912,,,,,,P01934,P01934,,
,,,,,19911216,,,,,,P01935,P01935,,
,,,,,19740805,,,,,,P01936,P01936,,
,,,,,19930604,,,,,,P01937,P01937,,
,,,,,19910612,,,,,,P01938,P01938,,
,,,,,19770519,,,,,,P01939,P01939,,
,,,,,19560522,,,,,,P01940,P01940,,
,,,,,19800102,,,,,,P01941,P01941,,
,,,,,19800516,,,,,,P01942,P01942,,
,,,,,19870213,,,,,,P01943,P01943,,
,,,,,19990809,,,,,,P01944,P01944,,
,,,,,19830113,,,,,,P01945,P01945,,
,,,,,20000318,,,,,,P01946,P01946,,
,,,,,19590511,,,,,,P01947,P01947,,
,,,,,19720817,,,,,,P01948,P01948,,
,,,,,19710101,,,,,,P01949,P01949,,
,,,,,19800315,,,,,,P01950,P01950,,
,,,,,19830320,,,,,,P01951,P01951,,
,,,,,19820731,,,,,,P01952,P01952,,
,,,,,19750214,,,,,,P01953,P01953,,
,,,,,19891118,,,,,,P01954,P01954,,
,,,,,19740731,,,,,,P01955,P01955,,
,,,,,19840926,,,,,,P01956,P01956,,
,,,,,19761017,,,,,,P01957,P01957,,
,,,,,19741101,,,,,,P01958,P01958,,
,,,,,19940104,,,,,,P01959,P01959,,
,,,,,19771230,,,,,,P01960,P01960,,
,,,,,19721015,,,,,,P01961,P01961,,
,,,,,19751018,,,,,,P01962,P01962,,
,,,,,19860307,,,,,,P01963,P01963,,
,,,,,20000521,,,,,,P01964,P01964,,
,,,,,19931013,,,,,,P01965,P01965,,
,,,,,19991011,,,,,,P01966,P01966,,
,,,,,19710101,,,,,,P01967,P01967,,
,,,,,19960813,,,,,,P01968,P01968,,
,,,,,19720825,,,,,,P01969,P01969,,
,,,,,19930124,,,,,,P01970,P01970,,
,,,,,20000604,,,,,,P01971,P01971,,
,,,,,19950906,,,,,,P01972,P01972,,
,,,,,19930410,,,,,,P01973,P01973,,
,,,,,19950423,,,,,,P01974,P01974,,
,,,,,19711129,,,,,,P01975,P01975,,
,,,,,19760405,,,,,,P01976,P01976,,
,,,,,19890711,,,,,,P01977,P01977,,
,,,,,19891023,,,,,,P01978,P01978,,
,,,,,19790711,,,,,,P01979,P01979,,
,,,,,19860416,,,,,,P01980,P01980,,
,,,,,19750625,,,,,,P01981,P01981,,
,,,,,19710308,,,,,,P01982,P01982,,
,,,,,19860107,,,,,,P01983,P01983,,
,,,,,19851102,,,,,,P01984,P01984,,
,,,,,19910902,,,,,,P01985,P01985,,
,,,,,19710101,,,,,,P01986,P01986,,
,,,,,19850804,,,,,,P01987,P01987,,
,,,,,19870820,,,,,,P01988,P01988,,
,,,,,19731026,,,,,,P01989,P01989,,
,,,,,19710101,,,,,,P01990,P01990,,
,,,,,19731215,,,,,,P01991,P01991,,
,,,,,19920208,,,,,,P01992,P01992,,
,,,,,19860819,,,,,,P01993,P01993,,
,,,,,19910529,,,,,,P01994,P01994,,
,,,,,19931114,,,,,,P01995,P01995,,
,,,,,19860720,,,,,,P01996,P01996,,
,,,,,19710101,,,,,,P01997,P01997,,
,,,,,19940427,,,,,,P01998,P01998,,
,,,,,19920404,,,,,,P01999,P01999,,
,,,,,19850128,,,,,,P02000,P02000,,
,,,,,19881005,,,,,,P02001,P02001,,
,,,,,19710101,,,,,,P02002,P02002,,
,,,,,19761011,,,,,,P02003,P02003,,
,,,,,19720906,,,,,,P02004,P02004,,
,,,,,20000111,,,,,,P02005,P02005,,
,,,,,19760821,,,,,,P02006,P02006,,
,,,,,19671226,,,,,,P02007,P02007,,
,,,,,19680107,,,,,,P02008,P02008,,
,,,,,19690218,,,,,,P02009,P02009,,
,,,,,19900815,,,,,,P02010,P02010,,
,,,,,19701003,,,,,,P02011,P02011,,
,,,,,19910717,,,,,,P02012,P02012,,
,,,,,19611212,,,,,,P02013,P02013,,
,,,,,19630405,,,,,,P02014,P02014,,
,,,,,19940812,,,,,,P02015,P02015,,
,,,,,19571123,,,,,,P02016,P02016,,
,,,,,19811205,,,,,,P02017,P02017,,
,,,,,19710101,,,,,,P02018,P02018,,
,,,,,19940708,,,,,,P02019,P02019,,
,,,,,19980710,,,,,,P02020,P02020,,
,,,,,19900824,,,,,,P02021,P02021,,
,,,,,19771215,,,,,,P02022,P02022,,
,,,,,19591213,,,,,,P02023,P02023,,
,,,,,19710101,,,,,,P02024,P02024,,
,,,,,19791204,,,,,,P02025,P02025,,
,,,,,19821106,,,,,,P02026,P02026,,
,,,,,19580616,,,,,,P02027,P02027,,
,,,,,19640612,,,,,,P02028,P02028,,
,,,,,19640726,,,,,,P02029,P02029,,
,,,,,19690703,,,,,,P02030,P02030,,
,,,,,19661102,,,,,,P02031,P02031,,
,,,,,19800410,,,,,,P02032,P02032,,
,,,,,19560928,,,,,,P02033,P02033,,
,,,,,19781206,,,,,,P02034,P02034,,
,,,,,19960127,,,,,,P02035,P02035,,
,,,,,19821212,,,,,,P02036,P02036,,
,,,,,20010118,,,,,,P02037,P02037,,
,,,,,19980910,,,,,,P02038,P02038,,
,,,,,19760811,,,,,,P02039,P02039,,
,,,,,19840618,,,,,,P02040,P02040,,
,,,,,19791109,,,,,,P02041,P02041,,
,,,,,19940411,,,,,,P02042,P02042,,
,,,,,19911127,,,,,,P02043,P02043,,
,,,,,19940403,,,,,,P02044,P02044,,
,,,,,19710101,,,,,,P02045,P02045,,
,,,,,19900711,,,,,,P02046,P02046,,
,,,,,19930706,,,,,,P02047,P02047,,
,,,,,19840129,,,,,,P02048,P02048,,
,,,,,19890720,,,,,,P02049,P02049,,
,,,,,19590929,,,,,,P02050,P02050,,
,,,,,19600404,,,,,,P02051,P02051,,
,,,,,19651025,,,,,,P02052,P02052,,
,,,,,19730723,,,,,,P02053,P02053,,
,,,,,19821217,,,,,,P02054,P02054,,
,,,,,19980802,,,,,,P02055,P02055,,
,,,,,19860912,,,,,,P02056,P02056,,
,,,,,,,,,,,P02057,P02057,,
,,,,,,,,,,,P02058,P02058,,
,,,,,,,,,,,P02059,P02059,,
,,,,,,,,,,,P02060,P02060,,
,,,,,19620809,,,,,,P02061,P02061,,
,,,,,19740228,,,,,,P02062,P02062,,
,,,,,19811026,,,,,,P02063,P02063,,
,,,,,19591012,,,,,,P02064,P02064,,
,,,,,19590204,,,,,,P02065,P02065,,
,,,,,19600103,,,,,,P02066,P02066,,
,,,,,19560817,,,,,,P02067,P02067,,
,,,,,19690626,,,,,,P02068,P02068,,
,,,,,,,,,,,P02069,P02069,,
,,,,,,,,,,,P02070,P02070,,
,,,,,,,,,,,P02071,P02071,,
,,,,,,,,,,,P02072,P02072,,
,,,,,,,,,,,P02073,P02073,,
,,,,,19541006,,,,,,P02074,P02074,,
,,,,,19830102,,,,,,P02075,P02075,,
,,,,,19620725,,,,,,P02076,P02076,,
,,,,,19571012,,,,,,P02077,P02077,,
,,,,,19620829,,,,,,P02078,P02078,,
,,,,,19691227,,,,,,P02079,P02079,,
,,,,,19580221,,,,,,P02080,P02080,,
,,,,,19860324,,,,,,P02081,P02081,,
,,,,,19920205,,,,,,P02082,P02082,,
,,,,,19650518,,,,,,P02083,P02083,,
,,,,,19751216,,,,,,P02084,P02084,,
,,,,,19710624,,,,,,P02085,P02085,,
,,,,,19870403,,,,,,P02086,P02086,,
,,,,,19951208,,,,,,P02087,P02087,,
,,,,,,,,,,,P02088,P02088,,
,,,,,,,,,,,P02089,P02089,,
,,,,,19810728,,,,,,P02090,P02090,,
,,,,,19941223,,,,,,P02091,P02091,,
,,,,,19950319,,,,,,P02092,P02092,,
,,,,,19701030,,,,,,P02093,P02093,,
,,,,,19930708,,,,,,P02094,P02094,,
,,,,,19941015,,,,,,P02095,P02095,,
,,,,,19600225,,,,,,P02096,P02096,,
,,,,,19620722,,,,,,P02097,P02097,,
,,,,,,,,,,,P02098,P02098,,
,,,,,19580428,,,,,,P02099,P02099,,
,,,,,19910404,,,,,,P02100,P02100,,
,,,,,19800710,,,,,,P02101,P02101,,
,,,,,19660214,,,,,,P02102,P02102,,
,,,,,19880314,,,,,,P02103,P02103,,
,,,,,,,,,,,P02104,P02104,,
,,,,,19850727,,,,,,P02105,P02105,,
,,,,,19560207,,,,,,P02106,P02106,,
,,,,,19731106,,,,,,P02107,P02107,,
,,,,,19810507,,,,,,P02108,P02108,,
,,,,,19850324,,,,,,P02109,P02109,,
,,,,,19670325,,,,,,P02110,P02110,,
,,,,,19690105,,,,,,P02111,P02111,,
,,,,,19650117,,,,,,P02112,P02112,,
,,,,,19650121,,,,,,P02113,P02113,,
,,,,,19681025,,,,,,P02114,P02114,,
,,,,,19840421,,,,,,P02115,P02115,,
,,,,,19770506,,,,,,P02116,P02116,,
,,,,,,,,,,,P02117,P02117,,
,,,,,,,,,,,P02118,P02118,,
,,,,,19891128,,,,,,P02119,P02119,,
,,,,,19770930,,,,,,P02120,P02120,,
,,,,,19811224,,,,,,P02121,P02121,,
,,,,,19910115,,,,,,P02122,P02122,,
,,,,,19820304,,,,,,P02123,P02123,,
,,,,,19591029,,,,,,P02124,P02124,,
,,,,,,,,,,,P02125,P02125,,
,,,,,19791017,,,,,,P02126,P02126,,
,,,,,19881120,,,,,,P02127,P02127,,
,,,,,19781223,,,,,,P02128,P02128,,
,,,,,19810707,,,,,,P02129,P02129,,
,,,,,19560616,,,,,,P02130,P02130,,
,,,,,,,,,,,P02131,P02131,,
,,,,,,,,,,,P02132,P02132,,
,,,,,,,,,,,P02133,P02133,,
,,,,,19700218,,,,,,P02134,P02134,,
,,,,,19581122,,,,,,P02135,P02135,,
,,,,,19880205,,,,,,P02136,P02136,,
,,,,,19651015,,,,,,P02137,P02137,,
,,,,,,,,,,,P02138,P02138,,
,,,,,19940207,,,,,,P02139,P02139,,
,,,,,19851218,,,,,,P02140,P02140,,
,,,,,19910806,,,,,,P02141,P02141,,
,,,,,19810916,,,,,,P02142,P02142,,
,,,,,19890227,,,,,,P02143,P02143,,
,,,,,19770716,,,,,,P02144,P02144,,
,,,,,19921213,,,,,,P02145,P02145,,
,,,,,,,,,,,P02146,P02146,,
,,,,,19750430,,,,,,P02147,P02147,,