"PERSON_ID","GBL_INFO_ID","TERRITORY_ID","EFFECTIVE_START_DATE","EFFECTIVE_END_DATE","CREATED_DATE","CREATED_BY","LAST_MODIFIED_DATE","CUSTOM_VCHAR1","CUSTOM_VCHAR2","CUSTOM_VCHAR3","CUSTOM_VCHAR4","CUSTOM_VCHAR5","SF_VCHAR1","SF_VCHAR2","SF_VCHAR3","SF_VCHAR4","SF_VCHAR5"
"P00018","2001","79","20160621","99991231","20161207","admin","20161207",,,,,,"1365",,,,
"P00049","2002","79","20160621","99991231","20161207","admin","20161207",,,,,,"1365",,,,
"P00066","2003","79","20160621","99991231","20161207","admin","20161207",,,,,,"1365",,,,
"P00035","2004","79","20160813","99991231","20161207","admin","20161207",,,,,,"1365",,,,
"P00019","2005","79","20160901","99991231","20161207","admin","20161207",,,,,,"1365",,,,
"P00025","2006","79","20160901","99991231","20161207","admin","20161207",,,,,,"1365",,,,
"P00034","2007","79","20160901","99991231","20161207","admin","20161207",,,,,,"1365",,,,
"P00090","2008","79","20160901","99991231","20161207","admin","20161207",,,,,,"1365",,,,
"P00970","2009","79","20160901","99991231","20161207","admin","20161207",,,,,,"1365",,,,
"P00021","2010","79","20161001","99991231","20161207","admin","20161207",,,,,,"1365",,,,
"P00012","2011","79","20161014","99991231","20161207","admin","20161207",,,,,,"1365",,,,
"P00029","2012","79","20161201","99991231","20161207","admin","20161207",,,,,,"1365",,,,
"P00078","2013","79","20161201","99991231","20161207","admin","20161207",,,,,,"1365",,,,
"P00040","2014","79","20161202","99991231","20161207","admin","20161207",,,,,,"1365",,,,
"P01266","2015","79","20161216","99991231","20161207","admin","20161207",,,,,,"1365",,,,
"P00054","2016","79","20161231","99991231","20161207","admin","20161207",,,,,,"1365",,,,
"P00017","2017","79","20160101","99991231","20161207","admin","20161207",,,,,,"1365",,,,
"P00047","2018","79","20160217","99991231","20161207","admin","20161207",,,,,,"1365",,,,
"P01267","2019","79","20160301","99991231","20161207","admin","20161207",,,,,,"1365",,,,
"P00010","2020","79","20160310","99991231","20161207","admin","20161207",,,,,,"1365",,,,
"P01264","2021","79","20160401","99991231","20161207","admin","20161207",,,,,,"1365",,,,
"P00022","2022","79","20160418","99991231","20161207","admin","20161207",,,,,,"1365",,,,
"P00003","2023","79","20160501","99991231","20161207","admin","20161207",,,,,,"1365",,,,
"P00020","2024","79","20160506","99991231","20161207","admin","20161207",,,,,,"1365",,,,
"P00087","2025","79","20160506","99991231","20161207","admin","20161207",,,,,,"1365",,,,
"P01269","2026","79","20160506","99991231","20161207","admin","20161207",,,,,,"1365",,,,
"P00039","2027","79","20160519","99991231","20161207","admin","20161207",,,,,,"1365",,,,
"P00014","2028","79","20160609","99991231","20161207","admin","20161207",,,,,,"1365",,,,
"P00032","2029","79","20160728","99991231","20161207","admin","20161207",,,,,,"3311",,,,
"P00092","2030","79","20160805","99991231","20161207","admin","20161207",,,,,,"1365",,,,
"P00083","2031","79","20160811","99991231","20161207","admin","20161207",,,,,,"1365",,,,
"P00094","2032","79","20160811","99991231","20161207","admin","20161207",,,,,,"1365",,,,
"P01273","2033","79","20160812","99991231","20161207","admin","20161207",,,,,,"1365",,,,
"P00023","2034","79","20160826","99991231","20161207","admin","20161207",,,,,,"3311",,,,
"P00063","2035","79","20161001","99991231","20161207","admin","20161207",,,,,,"1365",,,,
"P00056","2036","79","20161013","99991231","20161207","admin","20161207",,,,,,"1365",,,,
"P00070","2037","79","20161013","99991231","20161207","admin","20161207",,,,,,"1365",,,,
"P00065","2038","79","20161110","99991231","20161207","admin","20161207",,,,,,"1365",,,,
"P00028","2039","79","20161124","99991231","20161207","admin","20161207",,,,,,"1365",,,,
"P00060","2040","79","20161208","99991231","20161207","admin","20161207",,,,,,"1365",,,,
"P00085","2041","79","20160205","99991231","20161207","admin","20161207",,,,,,"1365",,,,
"P00104","2042","79","20160322","99991231","20161207","admin","20161207",,,,,,"1365",,,,
"P00072","2043","79","20160329","99991231","20161207","admin","20161207",,,,,,"1365",,,,
"P00051","2044","79","20160719","99991231","20161207","admin","20161207",,,,,,"1365",,,,
"P00071","2045","79","20160802","99991231","20161207","admin","20161207",,,,,,"3309",,,,
"P00074","2046","79","20160816","99991231","20161207","admin","20161207",,,,,,"1365",,,,
"P00089","2047","79","20160816","99991231","20161207","admin","20161207",,,,,,"1365",,,,
"P00030","2048","79","20160906","99991231","20161207","admin","20161207",,,,,,"1365",,,,
"P00041","2049","79","20160927","99991231","20161207","admin","20161207",,,,,,"1366",,,,
"P00046","2050","79","20160927","99991231","20161207","admin","20161207",,,,,,"1365",,,,
"P00036","2051","79","20161004","99991231","20161207","admin","20161207",,,,,,"1365",,,,
"P00038","2052","79","20161004","99991231","20161207","admin","20161207",,,,,,"1365",,,,
"P00008","2053","79","20161018","99991231","20161207","admin","20161207",,,,,,"1365",,,,
"P00026","2054","79","20161018","99991231","20161207","admin","20161207",,,,,,"1365",,,,
"P00027","2055","79","20161018","99991231","20161207","admin","20161207",,,,,,"1365",,,,
"P00075","2056","79","20161029","99991231","20161207","admin","20161207",,,,,,"1365",,,,
"P00013","2057","79","20161101","99991231","20161207","admin","20161207",,,,,,"1365",,,,
"P00061","2058","79","20161102","99991231","20161207","admin","20161207",,,,,,"1365",,,,
"P00004","2059","79","20161129","99991231","20161207","admin","20161207",,,,,,"1365",,,,
"P00044","2060","79","20161213","99991231","20161207","admin","20161207",,,,,,"1365",,,,
"P00095","2061","79","20161213","99991231","20161207","admin","20161207",,,,,,"1365",,,,
"P00011","2062","79","20160104","99991231","20161207","admin","20161207",,,,,,"1365",,,,
"P00043","2063","79","20160104","99991231","20161207","admin","20161207",,,,,,"1365",,,,
"P00045","2064","79","20160104","99991231","20161207","admin","20161207",,,,,,"3309",,,,
"P01271","2065","79","20160104","99991231","20161207","admin","20161207",,,,,,"1365",,,,
"P01272","2066","79","20160104","99991231","20161207","admin","20161207",,,,,,"1365",,,,
"P00052","2067","79","20160117","99991231","20161207","admin","20161207",,,,,,"1365",,,,
"P00007","2068","79","20160131","99991231","20161207","admin","20161207",,,,,,"1365",,,,
"P01270","2069","79","20160307","99991231","20161207","admin","20161207",,,,,,"1365",,,,
"P00093","2070","79","20160316","99991231","20161207","admin","20161207",,,,,,"1365",,,,
"P00015","2071","79","20160329","99991231","20161207","admin","20161207",,,,,,"1365",,,,
"P00033","2072","79","20160330","99991231","20161207","admin","20161207",,,,,,"1365",,,,
"P00006","2073","79","20160415","99991231","20161207","admin","20161207",,,,,,"1365",,,,
"P00098","2074","79","20160516","99991231","20161207","admin","20161207",,,,,,"1365",,,,
"P00103","2075","79","20160518","99991231","20161207","admin","20161207",,,,,,"1365",,,,
"P00099","2076","79","20160615","99991231","20161207","admin","20161207",,,,,,"1366",,,,
"P01276","2077","79","20160620","99991231","20161207","admin","20161207",,,,,,"1365",,,,
"P00106","2078","79","20160628","99991231","20161207","admin","20161207",,,,,,"1365",,,,
"P00107","2079","79","20160630","99991231","20161207","admin","20161207",,,,,,"1365",,,,
"P00109","2080","79","20160712","99991231","20161207","admin","20161207",,,,,,"1365",,,,
"P00110","2081","79","20160725","99991231","20161207","admin","20161207",,,,,,"1365",,,,
"P00111","2082","79","20160801","99991231","20161207","admin","20161207",,,,,,"1365",,,,
"P00112","2083","79","20160808","99991231","20161207","admin","20161207",,,,,,"1365",,,,
"P01278","2084","79","20160905","99991231","20161207","admin","20161207",,,,,,"1365",,,,
"P00113","2085","79","20160906","99991231","20161207","admin","20161207",,,,,,"1365",,,,
"P01279","2086","79","20160912","99991231","20161207","admin","20161207",,,,,,"1365",,,,
"P00114","2087","79","20160919","99991231","20161207","admin","20161207",,,,,,"1365",,,,
"P00115","2088","79","20160926","99991231","20161207","admin","20161207",,,,,,"1365",,,,
"P01277","2089","79","20160926","99991231","20161207","admin","20161207",,,,,,"1366",,,,
"P01280","2090","79","20160926","99991231","20161207","admin","20161207",,,,,,"3312",,,,
"P00121","2091","79","20161003","99991231","20161207","admin","20161207",,,,,,"1371",,,,
"P00119","2092","79","20161031","99991231","20161207","admin","20161207",,,,,,"1366",,,,
"P00120","2093","79","20161101","99991231","20161207","admin","20161207",,,,,,"1365",,,,
"P00123","2094","79","20161107","99991231","20161207","admin","20161207",,,,,,"1365",,,,
"P00133","2095","79","20161114","99991231","20161207","admin","20161207",,,,,,"1365",,,,
"P00124","2096","79","20161205","99991231","20161207","admin","20161207",,,,,,"1365",,,,
"P01283","2097","79","20161205","99991231","20161207","admin","20161207",,,,,,"1365",,,,
"P00118","2098","79","20161206","99991231","20161207","admin","20161207",,,,,,"1365",,,,
"P00131","2099","79","20161212","99991231","20161207","admin","20161207",,,,,,"3309",,,,
"P00134","2100","79","20161216","99991231","20161207","admin","20161207",,,,,,"1365",,,,
"P01282","2101","79","20160103","99991231","20161207","admin","20161207",,,,,,"1365",,,,
"P00128","2102","79","20160130","99991231","20161207","admin","20161207",,,,,,"1365",,,,
"P00135","2103","79","20160130","99991231","20161207","admin","20161207",,,,,,"1365",,,,
"P01286","2104","79","20160213","99991231","20161207","admin","20161207",,,,,,"1365",,,,
"P00132","2105","79","20160313","99991231","20161207","admin","20161207",,,,,,"1365",,,,
"P01288","2106","79","20160320","99991231","20161207","admin","20161207",,,,,,"1365",,,,
"P00140","2107","79","20160418","99991231","20161207","admin","20161207",,,,,,"1365",,,,
"P01397","2108","79","20160418","99991231","20161207","admin","20161207",,,,,,"1365",,,,
"P00145","2109","79","20160515","99991231","20161207","admin","20161207",,,,,,"1365",,,,
"P00142","2110","79","20160522","99991231","20161207","admin","20161207",,,,,,"3312",,,,
"P00149","2111","79","20160724","99991231","20161207","admin","20161207",,,,,,"1365",,,,
"P00154","2112","79","20160731","99991231","20161207","admin","20161207",,,,,,"1365",,,,
"P00150","2113","79","20160807","99991231","20161207","admin","20161207",,,,,,"1365",,,,
"P00160","2114","79","20160904","99991231","20161207","admin","20161207",,,,,,"1365",,,,
"P00161","2115","79","20160904","99991231","20161207","admin","20161207",,,,,,"1365",,,,
"P01290","2116","79","20160925","99991231","20161207","admin","20161207",,,,,,"3309",,,,
"P01291","2117","79","20160925","99991231","20161207","admin","20161207",,,,,,"1365",,,,
"P01399","2118","79","20160925","99991231","20161207","admin","20161207",,,,,,"1367",,,,
"P00168","2119","79","20161101","99991231","20161207","admin","20161207",,,,,,"1365",,,,
"P00170","2120","79","20161106","99991231","20161207","admin","20161207",,,,,,"1365",,,,
"P00171","2121","79","20161106","99991231","20161207","admin","20161207",,,,,,"1366",,,,
"P01297","2122","79","20161106","99991231","20161207","admin","20161207",,,,,,"1365",,,,
"P01299","2123","79","20161113","99991231","20161207","admin","20161207",,,,,,"1365",,,,
"P01298","2124","79","20161114","99991231","20161207","admin","20161207",,,,,,"1365",,,,
"P00173","2125","79","20161218","99991231","20161207","admin","20161207",,,,,,"1366",,,,
"P00174","2126","79","20160103","99991231","20161207","admin","20161207",,,,,,"1365",,,,
"P01301","2127","79","20160103","99991231","20161207","admin","20161207",,,,,,"1365",,,,
"P00179","2128","79","20160129","99991231","20161207","admin","20161207",,,,,,"1364",,,,
"P01302","2129","79","20160219","99991231","20161207","admin","20161207",,,,,,"1365",,,,
"P00180","2130","79","20160305","99991231","20161207","admin","20161207",,,,,,"1365",,,,
"P00181","2131","79","20160326","99991231","20161207","admin","20161207",,,,,,"1365",,,,
"P00182","2132","79","20160402","99991231","20161207","admin","20161207",,,,,,"1365",,,,
"P01303","2133","79","20160430","99991231","20161207","admin","20161207",,,,,,"1365",,,,
"P01304","2134","79","20160430","99991231","20161207","admin","20161207",,,,,,"1365",,,,
"P00190","2135","79","20160604","99991231","20161207","admin","20161207",,,,,,"1365",,,,
"P00191","2136","79","20160611","99991231","20161207","admin","20161207",,,,,,"1365",,,,
"P00195","2137","79","20160618","99991231","20161207","admin","20161207",,,,,,"1365",,,,
"P01305","2138","79","20160704","99991231","20161207","admin","20161207",,,,,,"1365",,,,
"P00196","2139","79","20160710","99991231","20161207","admin","20161207",,,,,,"1365",,,,
"P00197","2140","79","20160716","99991231","20161207","admin","20161207",,,,,,"1365",,,,
"P01306","2141","79","20160730","99991231","20161207","admin","20161207",,,,,,"1366",,,,
"P00202","2142","79","20160806","99991231","20161207","admin","20161207",,,,,,"1365",,,,
"P00203","2143","79","20160806","99991231","20161207","admin","20161207",,,,,,"1365",,,,
"P00204","2144","79","20160807","99991231","20161207","admin","20161207",,,,,,"1365",,,,
"P00205","2145","79","20160814","99991231","20161207","admin","20161207",,,,,,"1365",,,,
"P00200","2146","79","20160906","99991231","20161207","admin","20161207",,,,,,"1365",,,,
"P01309","2147","79","20160910","99991231","20161207","admin","20161207",,,,,,"1365",,,,
"P00148","2148","79","20160924","99991231","20161207","admin","20161207",,,,,,"1365",,,,
"P00209","2149","79","20160924","99991231","20161207","admin","20161207",,,,,,"3312",,,,
"P01310","2150","79","20160924","99991231","20161207","admin","20161207",,,,,,"1365",,,,
"P00212","2151","79","20161002","99991231","20161207","admin","20161207",,,,,,"1365",,,,
"P01311","2152","79","20161022","99991231","20161207","admin","20161207",,,,,,"1365",,,,
"P01312","2153","79","20161105","99991231","20161207","admin","20161207",,,,,,"1365",,,,
"P00227","2154","79","20161112","99991231","20161207","admin","20161207",,,,,,"1365",,,,
"P00228","2155","79","20161115","99991231","20161207","admin","20161207",,,,,,"1365",,,,
"P00233","2156","79","20161119","99991231","20161207","admin","20161207",,,,,,"1365",,,,
"P01313","2157","79","20161119","99991231","20161207","admin","20161207",,,,,,"1365",,,,
"P01316","2158","79","20161205","99991231","20161207","admin","20161207",,,,,,"1365",,,,
"P00225","2159","79","20161210","99991231","20161207","admin","20161207",,,,,,"1365",,,,
"P00237","2160","79","20161210","99991231","20161207","admin","20161207",,,,,,"1365",,,,
"P00238","2161","79","20161220","99991231","20161207","admin","20161207",,,,,,"1365",,,,
"P01317","2162","79","20161220","99991231","20161207","admin","20161207",,,,,,"1365",,,,
"P00244","2163","79","20160101","99991231","20161207","admin","20161207",,,,,,"3312",,,,
"P00245","2164","79","20160107","99991231","20161207","admin","20161207",,,,,,"1365",,,,
"P00255","2165","79","20160115","99991231","20161207","admin","20161207",,,,,,"3309",,,,
"P01320","2166","79","20160123","99991231","20161207","admin","20161207",,,,,,"1365",,,,
"P00230","2167","79","20160129","99991231","20161207","admin","20161207",,,,,,"1365",,,,
"P00222","2168","79","20160204","99991231","20161207","admin","20161207",,,,,,"1365",,,,
"P00250","2169","79","20160211","99991231","20161207","admin","20161207",,,,,,"1365",,,,
"P00252","2170","79","20160220","99991231","20161207","admin","20161207",,,,,,"3312",,,,
"P00224","2171","79","20160303","99991231","20161207","admin","20161207",,,,,,"1365",,,,
"P01429","2172","79","20160303","99991231","20161207","admin","20161207",,,,,,"1365",,,,
"P00248","2173","79","20160310","20161125","20161207","admin","20161207",,,,,,"1365",,,,
"P00231","2174","79","20160317","99991231","20161207","admin","20161207",,,,,,"1365",,,,
"P00240","2175","79","20160325","99991231","20161207","admin","20161207",,,,,,"1365",,,,
"P00261","2176","79","20160407","99991231","20161207","admin","20161207",,,,,,"1366",,,,
"P01324","2177","79","20160407","99991231","20161207","admin","20161207",,,,,,"1371",,,,
"P01322","2178","79","20160416","99991231","20161207","admin","20161207",,,,,,"1365",,,,
"P00260","2179","79","20160422","99991231","20161207","admin","20161207",,,,,,"1365",,,,
"P00257","2180","79","20160428","99991231","20161207","admin","20161207",,,,,,"1365",,,,
"P00270","2181","79","20160505","99991231","20161207","admin","20161207",,,,,,"3311",,,,
"P00263","2182","79","20160512","99991231","20161207","admin","20161207",,,,,,"1365",,,,
"P00279","2183","79","20160515","99991231","20161207","admin","20161207",,,,,,"3312",,,,
"P00234","2184","79","20160519","99991231","20161207","admin","20161207",,,,,,"1365",,,,
"P00262","2185","79","20160527","99991231","20161207","admin","20161207",,,,,,"1365",,,,
"P00266","2186","79","20160527","20170106","20161207","admin","20161207",,,,,,"1365",,,,
"P00267","2187","79","20160527","99991231","20161207","admin","20161207",,,,,,"1365",,,,
"P01328","2188","79","20160602","99991231","20161207","admin","20161207",,,,,,"3309",,,,
"P01327","2189","79","20160604","99991231","20161207","admin","20161207",,,,,,"1365",,,,
"P00274","2190","79","20160623","99991231","20161207","admin","20161207",,,,,,"1365",,,,
"P00283","2191","79","20160630","99991231","20161207","admin","20161207",,,,,,"1365",,,,
"P00259","2192","79","20160707","99991231","20161207","admin","20161207",,,,,,"1365",,,,
"P01951","2193","79","20160707","99991231","20161207","admin","20161207",,,,,,"1365",,,,
"P00268","2194","79","20160728","99991231","20161207","admin","20161207",,,,,,"1365",,,,
"P00287","2195","79","20160728","99991231","20161207","admin","20161207",,,,,,"1365",,,,
"P00277","2196","79","20160804","99991231","20161207","admin","20161207",,,,,,"1365",,,,
"P00278","2197","79","20160804","99991231","20161207","admin","20161207",,,,,,"1365",,,,
"P01329","2198","79","20160804","99991231","20161207","admin","20161207",,,,,,"3312",,,,
"P00269","2199","79","20160818","99991231","20161207","admin","20161207",,,,,,"1365",,,,
"P01330","2200","79","20160826","99991231","20161207","admin","20161207",,,,,,"1365",,,,
"P00271","2201","79","20160827","99991231","20161207","admin","20161207",,,,,,"3309",,,,
"P00282","2202","79","20160901","99991231","20161207","admin","20161207",,,,,,"1365",,,,
"P00284","2203","79","20160901","99991231","20161207","admin","20161207",,,,,,"1365",,,,
"P01331","2204","79","20160901","99991231","20161207","admin","20161207",,,,,,"1365",,,,
"P00281","2205","79","20160908","99991231","20161207","admin","20161207",,,,,,"1365",,,,
"P01323","2206","79","20160908","99991231","20161207","admin","20161207",,,,,,"1365",,,,
"P01334","2207","79","20160908","99991231","20161207","admin","20161207",,,,,,"1366",,,,
"P01335","2208","79","20161007","99991231","20161207","admin","20161207",,,,,,"1365",,,,
"P00293","2209","79","20161013","99991231","20161207","admin","20161207",,,,,,"1365",,,,
"P01333","2210","79","20161013","99991231","20161207","admin","20161207",,,,,,"1365",,,,
"P00272","2211","79","20161103","99991231","20161207","admin","20161207",,,,,,"1365",,,,
"P00294","2212","79","20161103","99991231","20161207","admin","20161207",,,,,,"3309",,,,
"P00285","2213","79","20161117","99991231","20161207","admin","20161207",,,,,,"1365",,,,
"P00297","2214","79","20161117","99991231","20161207","admin","20161207",,,,,,"1365",,,,
"P01337","2215","79","20161117","99991231","20161207","admin","20161207",,,,,,"1365",,,,
"P01338","2216","79","20161117","99991231","20161207","admin","20161207",,,,,,"1365",,,,
"P01416","2217","79","20161118","99991231","20161207","admin","20161207",,,,,,"1365",,,,
"P01339","2218","79","20161124","99991231","20161207","admin","20161207",,,,,,"1365",,,,
"P00300","2219","79","20161203","99991231","20161207","admin","20161207",,,,,,"1365",,,,
"P00275","2220","79","20160105","99991231","20161207","admin","20161207",,,,,,"1365",,,,
"P00296","2221","79","20160105","99991231","20161207","admin","20161207",,,,,,"1365",,,,
"P01336","2222","79","20160105","99991231","20161207","admin","20161207",,,,,,"1365",,,,
"P00306","2223","79","20160119","99991231","20161207","admin","20161207",,,,,,"1365",,,,
"P00310","2224","79","20160202","99991231","20161207","admin","20161207",,,,,,"1365",,,,
"P01343","2225","79","20160203","99991231","20161207","admin","20161207",,,,,,"1365",,,,
"P00290","2226","79","20160204","99991231","20161207","admin","20161207",,,,,,"1365",,,,
"P00299","2227","79","20160209","99991231","20161207","admin","20161207",,,,,,"1365",,,,
"P00301","2228","79","20160209","99991231","20161207","admin","20161207",,,,,,"1365",,,,
"P00323","2229","79","20160316","99991231","20161207","admin","20161207",,,,,,"3309",,,,
"P00309","2230","79","20160330","99991231","20161207","admin","20161207",,,,,,"1365",,,,
"P00322","2231","79","20160414","20161231","20161207","admin","20161207",,,,,,"1365",,,,
"P00324","2232","79","20160427","99991231","20161207","admin","20161207",,,,,,"1365",,,,
"P00327","2233","79","20160506","99991231","20161207","admin","20161207",,,,,,"1365",,,,
"P00329","2234","79","20160507","99991231","20161207","admin","20161207",,,,,,"1365",,,,
"P00321","2235","79","20160511","99991231","20161207","admin","20161207",,,,,,"3309",,,,
"P00325","2236","79","20160511","99991231","20161207","admin","20161207",,,,,,"1365",,,,
"P01346","2237","79","20160518","99991231","20161207","admin","20161207",,,,,,"1365",,,,
"P00335","2238","79","20160601","99991231","20161207","admin","20161207",,,,,,"1367",,,,
"P00336","2239","79","20160601","99991231","20161207","admin","20161207",,,,,,"3312",,,,
"P00343","2240","79","20160601","99991231","20161207","admin","20161207",,,,,,"1365",,,,
"P01352","2241","79","20160601","99991231","20161207","admin","20161207",,,,,,"1365",,,,
"P00332","2242","79","20160612","99991231","20161207","admin","20161207",,,,,,"1365",,,,
"P00314","2243","79","20160622","99991231","20161207","admin","20161207",,,,,,"1365",,,,
"P00341","2244","79","20160701","99991231","20161207","admin","20161207",,,,,,"1365",,,,
"P00349","2245","79","20160708","99991231","20161207","admin","20161207",,,,,,"1365",,,,
"P01350","2246","79","20160720","99991231","20161207","admin","20161207",,,,,,"1365",,,,
"P00339","2247","79","20160727","99991231","20161207","admin","20161207",,,,,,"1365",,,,
"P01355","2248","79","20160727","99991231","20161207","admin","20161207",,,,,,"1365",,,,
"P00355","2249","79","20160803","99991231","20161207","admin","20161207",,,,,,"1365",,,,
"P01357","2250","79","20160803","99991231","20161207","admin","20161207",,,,,,"1365",,,,
"P00352","2251","79","20160810","99991231","20161207","admin","20161207",,,,,,"1365",,,,
"P01344","2252","79","20160817","99991231","20161207","admin","20161207",,,,,,"1365",,,,
"P00192","2253","79","20160824","99991231","20161207","admin","20161207",,,,,,"1365",,,,
"P01359","2254","79","20160824","99991231","20161207","admin","20161207",,,,,,"3313",,,,
"P01356","2255","79","20160831","99991231","20161207","admin","20161207",,,,,,"3309",,,,
"P00356","2256","79","20160901","99991231","20161207","admin","20161207",,,,,,"1365",,,,
"P00359","2257","79","20160901","99991231","20161207","admin","20161207",,,,,,"1366",,,,
"P00337","2258","79","20160902","99991231","20161207","admin","20161207",,,,,,"1365",,,,
"P00319","2259","79","20160907","99991231","20161207","admin","20161207",,,,,,"1366",,,,
"P00338","2260","79","20160907","99991231","20161207","admin","20161207",,,,,,"1365",,,,
"P00363","2261","79","20160907","99991231","20161207","admin","20161207",,,,,,"1365",,,,
"P00365","2262","79","20160907","99991231","20161207","admin","20161207",,,,,,"1365",,,,
"P00367","2263","79","20160907","99991231","20161207","admin","20161207",,,,,,"1365",,,,
"P01348","2264","79","20160907","99991231","20161207","admin","20161207",,,,,,"1365",,,,
"P01360","2265","79","20160907","99991231","20161207","admin","20161207",,,,,,"3311",,,,
"P01358","2266","79","20160921","99991231","20161207","admin","20161207",,,,,,"1365",,,,
"P00353","2267","79","20160930","99991231","20161207","admin","20161207",,,,,,"1365",,,,
"P00364","2268","79","20161001","99991231","20161207","admin","20161207",,,,,,"1365",,,,
"P01362","2269","79","20161005","99991231","20161207","admin","20161207",,,,,,"1365",,,,
"P00347","2270","79","20161007","99991231","20161207","admin","20161207",,,,,,"1365",,,,
"P00372","2271","79","20161019","99991231","20161207","admin","20161207",,,,,,"1367",,,,
"P00375","2272","79","20161019","99991231","20161207","admin","20161207",,,,,,"1365",,,,
"P00361","2273","79","20161021","99991231","20161207","admin","20161207",,,,,,"1365",,,,
"P00358","2274","79","20161102","99991231","20161207","admin","20161207",,,,,,"1365",,,,
"P00373","2275","79","20161105","99991231","20161207","admin","20161207",,,,,,"1365",,,,
"P00368","2276","79","20161116","99991231","20161207","admin","20161207",,,,,,"1365",,,,
"P00384","2277","79","20161130","99991231","20161207","admin","20161207",,,,,,"1365",,,,
"P00366","2278","79","20161201","99991231","20161207","admin","20161207",,,,,,"1365",,,,
"P00378","2279","79","20161207","99991231","20161207","admin","20161207",,,,,,"1367",,,,
"P00388","2280","79","20161209","99991231","20161207","admin","20161207",,,,,,"1365",,,,
"P01365","2281","79","20161229","99991231","20161207","admin","20161207",,,,,,"1365",,,,
"P00385","2282","79","20160101","99991231","20161207","admin","20161207",,,,,,"1365",,,,
"P00376","2283","79","20160104","99991231","20161207","admin","20161207",,,,,,"1365",,,,
"P00377","2284","79","20160111","99991231","20161207","admin","20161207",,,,,,"1365",,,,
"P00386","2285","79","20160111","99991231","20161207","admin","20161207",,,,,,"1365",,,,
"P00387","2286","79","20160111","99991231","20161207","admin","20161207",,,,,,"1366",,,,
"P00389","2287","79","20160121","99991231","20161207","admin","20161207",,,,,,"1365",,,,
"P00383","2288","79","20160201","99991231","20161207","admin","20161207",,,,,,"1365",,,,
"P00380","2289","79","20160208","99991231","20161207","admin","20161207",,,,,,"1365",,,,
"P00399","2290","79","20160208","99991231","20161207","admin","20161207",,,,,,"1365",,,,
"P00394","2291","79","20160210","99991231","20161207","admin","20161207",,,,,,"1365",,,,
"P00409","2292","79","20160215","99991231","20161207","admin","20161207",,,,,,"1365",,,,
"P00402","2293","79","20160222","99991231","20161207","admin","20161207",,,,,,"1365",,,,
"P00400","2294","79","20160226","99991231","20161207","admin","20161207",,,,,,"1365",,,,
"P01368","2295","79","20160226","99991231","20161207","admin","20161207",,,,,,"1365",,,,
"P00393","2296","79","20160308","99991231","20161207","admin","20161207",,,,,,"1365",,,,
"P00401","2297","79","20160308","99991231","20161207","admin","20161207",,,,,,"1365",,,,
"P01374","2298","79","20160315","99991231","20161207","admin","20161207",,,,,,"1365",,,,
"P01375","2299","79","20160315","99991231","20161207","admin","20161207",,,,,,"1365",,,,
"P01376","2300","79","20160322","99991231","20161207","admin","20161207",,,,,,"1366",,,,
"P00397","2301","79","20160412","99991231","20161207","admin","20161207",,,,,,"1365",,,,
"P00972","2302","79","20160428","99991231","20161207","admin","20161207",,,,,,"1366",,,,
"P00418","2303","79","20160504","99991231","20161207","admin","20161207",,,,,,"1365",,,,
"P01371","2304","79","20160506","99991231","20161207","admin","20161207",,,,,,"1365",,,,
"P00419","2305","79","20160510","99991231","20161207","admin","20161207",,,,,,"1365",,,,
"P01369","2306","79","20160510","99991231","20161207","admin","20161207",,,,,,"1365",,,,
"P00433","2307","79","20160615","99991231","20161207","admin","20161207",,,,,,"1365",,,,
"P00264","2308","79","20160705","99991231","20161207","admin","20161207",,,,,,"1365",,,,
"P01391","2309","79","20160705","99991231","20161207","admin","20161207",,,,,,"1365",,,,
"P01384","2310","79","20160707","99991231","20161207","admin","20161207",,,,,,"1365",,,,
"P00429","2311","79","20160712","99991231","20161207","admin","20161207",,,,,,"1371",,,,
"P01380","2312","79","20160712","99991231","20161207","admin","20161207",,,,,,"3312",,,,
"P00443","2313","79","20160719","99991231","20161207","admin","20161207",,,,,,"1365",,,,
"P01381","2314","79","20160726","99991231","20161207","admin","20161207",,,,,,"1365",,,,
"P01383","2315","79","20160726","99991231","20161207","admin","20161207",,,,,,"1365",,,,
"P00439","2316","79","20160802","99991231","20161207","admin","20161207",,,,,,"3312",,,,
"P00471","2317","79","20160802","99991231","20161207","admin","20161207",,,,,,"1365",,,,
"P01385","2318","79","20160809","99991231","20161207","admin","20161207",,,,,,"3309",,,,
"P00448","2319","79","20160816","99991231","20161207","admin","20161207",,,,,,"1365",,,,
"P00460","2320","79","20160816","99991231","20161207","admin","20161207",,,,,,"1365",,,,
"P00454","2321","79","20160828","99991231","20161207","admin","20161207",,,,,,"1365",,,,
"P00436","2322","79","20160901","99991231","20161207","admin","20161207",,,,,,"1365",,,,
"P00456","2323","79","20160901","99991231","20161207","admin","20161207",,,,,,"1365",,,,
"P01387","2324","79","20160901","99991231","20161207","admin","20161207",,,,,,"1365",,,,
"P00392","2325","79","20160906","99991231","20161207","admin","20161207",,,,,,"1365",,,,
"P00398","2326","79","20160906","99991231","20161207","admin","20161207",,,,,,"1365",,,,
"P00411","2327","79","20160906","99991231","20161207","admin","20161207",,,,,,"1365",,,,
"P00417","2328","79","20160906","99991231","20161207","admin","20161207",,,,,,"1365",,,,
"P00424","2329","79","20160906","99991231","20161207","admin","20161207",,,,,,"1365",,,,
"P00435","2330","79","20160906","99991231","20161207","admin","20161207",,,,,,"1365",,,,
"P00452","2331","79","20160906","99991231","20161207","admin","20161207",,,,,,"1365",,,,
"P01378","2332","79","20160906","99991231","20161207","admin","20161207",,,,,,"1365",,,,
"P00470","2333","79","20160913","99991231","20161207","admin","20161207",,,,,,"1365",,,,
"P01388","2334","79","20160913","99991231","20161207","admin","20161207",,,,,,"1365",,,,
"P00461","2335","79","20160920","99991231","20161207","admin","20161207",,,,,,"1365",,,,
"P01392","2336","79","20160920","99991231","20161207","admin","20161207",,,,,,"1365",,,,
"P00459","2337","79","20161004","99991231","20161207","admin","20161207",,,,,,"1365",,,,
"P00463","2338","79","20161004","99991231","20161207","admin","20161207",,,,,,"1366",,,,
"P01395","2339","79","20161004","99991231","20161207","admin","20161207",,,,,,"1365",,,,
"P00445","2340","79","20161007","99991231","20161207","admin","20161207",,,,,,"1365",,,,
"P00455","2341","79","20161018","99991231","20161207","admin","20161207",,,,,,"1365",,,,
"P00477","2342","79","20161025","99991231","20161207","admin","20161207",,,,,,"3312",,,,
"P00462","2343","79","20161101","99991231","20161207","admin","20161207",,,,,,"1365",,,,
"P00480","2344","79","20161101","99991231","20161207","admin","20161207",,,,,,"1365",,,,
"P00490","2345","79","20161101","99991231","20161207","admin","20161207",,,,,,"1365",,,,
"P01396","2346","79","20161101","99991231","20161207","admin","20161207",,,,,,"1365",,,,
"P00450","2347","79","20161103","99991231","20161207","admin","20161207",,,,,,"1367",,,,
"P00466","2348","79","20161104","99991231","20161207","admin","20161207",,,,,,"1365",,,,
"P01402","2349","79","20161108","99991231","20161207","admin","20161207",,,,,,"1365",,,,
"P00479","2350","79","20161115","99991231","20161207","admin","20161207",,,,,,"1365",,,,
"P00493","2351","79","20161115","99991231","20161207","admin","20161207",,,,,,"1365",,,,
"P00468","2352","79","20161125","99991231","20161207","admin","20161207",,,,,,"1365",,,,
"P00453","2353","79","20161129","99991231","20161207","admin","20161207",,,,,,"3309",,,,
"P00499","2354","79","20161206","99991231","20161207","admin","20161207",,,,,,"1365",,,,
"P00442","2355","79","20161213","99991231","20161207","admin","20161207",,,,,,"1365",,,,
"P00473","2356","79","20161213","99991231","20161207","admin","20161207",,,,,,"1365",,,,
"P00497","2357","79","20161229","99991231","20161207","admin","20161207",,,,,,"1365",,,,
"P00467","2358","79","20160103","99991231","20161207","admin","20161207",,,,,,"3309",,,,
"P00437","2359","79","20160104","99991231","20161207","admin","20161207",,,,,,"1365",,,,
"P01412","2360","79","20160104","99991231","20161207","admin","20161207",,,,,,"1365",,,,
"P00498","2361","79","20160110","99991231","20161207","admin","20161207",,,,,,"1365",,,,
"P00478","2362","79","20160111","99991231","20161207","admin","20161207",,,,,,"1365",,,,
"P01415","2363","79","20160112","99991231","20161207","admin","20161207",,,,,,"1365",,,,
"P00464","2364","79","20160117","99991231","20161207","admin","20161207",,,,,,"1365",,,,
"P00514","2365","79","20160125","99991231","20161207","admin","20161207",,,,,,"1365",,,,
"P00519","2366","79","20160131","99991231","20161207","admin","20161207",,,,,,"1365",,,,
"P00515","2367","79","20160201","99991231","20161207","admin","20161207",,,,,,"3310",,,,
"P00502","2368","79","20160207","99991231","20161207","admin","20161207",,,,,,"1365",,,,
"P00505","2369","79","20160207","99991231","20161207","admin","20161207",,,,,,"1365",,,,
"P01408","2370","79","20160210","99991231","20161207","admin","20161207",,,,,,"1365",,,,
"P00528","2371","79","20160214","99991231","20161207","admin","20161207",,,,,,"1365",,,,
"P01407","2372","79","20160228","99991231","20161207","admin","20161207",,,,,,"1365",,,,
"P00533","2373","79","20160307","99991231","20161207","admin","20161207",,,,,,"1365",,,,
"P01417","2374","79","20160307","99991231","20161207","admin","20161207",,,,,,"1365",,,,
"P00549","2375","79","20160321","99991231","20161207","admin","20161207",,,,,,"3313",,,,
"P00973","2376","79","20160401","99991231","20161207","admin","20161207",,,,,,"1366",,,,
"P01411","2377","79","20160404","99991231","20161207","admin","20161207",,,,,,"1365",,,,
"P01431","2378","79","20160404","99991231","20161207","admin","20161207",,,,,,"1365",,,,
"P00534","2379","79","20160408","20161123","20161207","admin","20161207",,,,,,"1365",,,,
"P00511","2380","79","20160418","99991231","20161207","admin","20161207",,,,,,"3309",,,,
"P00369","2381","79","20160501","99991231","20161207","admin","20161207",,,,,,"1365",,,,
"P00524","2382","79","20160502","99991231","20161207","admin","20161207",,,,,,"1365",,,,
"P00532","2383","79","20160502","99991231","20161207","admin","20161207",,,,,,"1365",,,,
"P00542","2384","79","20160502","99991231","20161207","admin","20161207",,,,,,"1365",,,,
"P00546","2385","79","20160502","99991231","20161207","admin","20161207",,,,,,"1365",,,,
"P01340","2386","79","20160502","99991231","20161207","admin","20161207",,,,,,"1365",,,,
"P00512","2387","79","20160503","99991231","20161207","admin","20161207",,,,,,"1365",,,,
"P00554","2388","79","20160504","99991231","20161207","admin","20161207",,,,,,"1365",,,,
"P00513","2389","79","20160516","99991231","20161207","admin","20161207",,,,,,"1367",,,,
"P00531","2390","79","20160523","99991231","20161207","admin","20161207",,,,,,"1365",,,,
"P01439","2391","79","20160523","99991231","20161207","admin","20161207",,,,,,"1365",,,,
"P00543","2392","79","20160530","99991231","20161207","admin","20161207",,,,,,"1365",,,,
"P00553","2393","79","20160531","99991231","20161207","admin","20161207",,,,,,"1365",,,,
"P01437","2394","79","20160531","99991231","20161207","admin","20161207",,,,,,"1365",,,,
"P00555","2395","79","20160601","99991231","20161207","admin","20161207",,,,,,"1365",,,,
"P00569","2396","79","20160601","99991231","20161207","admin","20161207",,,,,,"3309",,,,
"P00545","2397","79","20160606","99991231","20161207","admin","20161207",,,,,,"1365",,,,
"P00552","2398","79","20160606","99991231","20161207","admin","20161207",,,,,,"1365",,,,
"P00574","2399","79","20160620","99991231","20161207","admin","20161207",,,,,,"1365",,,,
"P00536","2400","79","20160627","99991231","20161207","admin","20161207",,,,,,"1368",,,,
"P00578","2401","79","20160627","99991231","20161207","admin","20161207",,,,,,"1365",,,,
"P01427","2402","79","20160627","99991231","20161207","admin","20161207",,,,,,"1367",,,,
"P01448","2403","79","20160701","99991231","20161207","admin","20161207",,,,,,"1365",,,,
"P00560","2404","79","20160704","99991231","20161207","admin","20161207",,,,,,"1365",,,,
"P01451","2405","79","20160711","99991231","20161207","admin","20161207",,,,,,"1365",,,,
"P00550","2406","79","20160718","99991231","20161207","admin","20161207",,,,,,"1365",,,,
"P00570","2407","79","20160718","99991231","20161207","admin","20161207",,,,,,"1365",,,,
"P00559","2408","79","20160801","99991231","20161207","admin","20161207",,,,,,"3312",,,,
"P00586","2409","79","20160801","99991231","20161207","admin","20161207",,,,,,"3312",,,,
"P00588","2410","79","20160803","99991231","20161207","admin","20161207",,,,,,"3311",,,,
"P00604","2411","79","20160808","99991231","20161207","admin","20161207",,,,,,"1365",,,,
"P00246","2412","79","20160815","99991231","20161207","admin","20161207",,,,,,"1365",,,,
"P00605","2413","79","20160815","99991231","20161207","admin","20161207",,,,,,"1365",,,,
"P00612","2414","79","20160822","99991231","20161207","admin","20161207",,,,,,"3313",,,,
"P01457","2415","79","20160822","99991231","20161207","admin","20161207",,,,,,"1367",,,,
"P00575","2416","79","20160829","99991231","20161207","admin","20161207",,,,,,"1365",,,,
"P00525","2417","79","20160901","99991231","20161207","admin","20161207",,,,,,"1365",,,,
"P00504","2418","79","20160905","99991231","20161207","admin","20161207",,,,,,"1367",,,,
"P00522","2419","79","20160905","99991231","20161207","admin","20161207",,,,,,"1365",,,,
"P00523","2420","79","20160905","99991231","20161207","admin","20161207",,,,,,"1365",,,,
"P00537","2421","79","20160905","99991231","20161207","admin","20161207",,,,,,"1365",,,,
"P00567","2422","79","20160905","99991231","20161207","admin","20161207",,,,,,"1365",,,,
"P00608","2423","79","20160905","99991231","20161207","admin","20161207",,,,,,"1365",,,,
"P00609","2424","79","20160905","99991231","20161207","admin","20161207",,,,,,"1365",,,,
"P00610","2425","79","20160905","99991231","20161207","admin","20161207",,,,,,"1365",,,,
"P01447","2426","79","20160905","99991231","20161207","admin","20161207",,,,,,"3309",,,,
"P00565","2427","79","20160912","99991231","20161207","admin","20161207",,,,,,"1367",,,,
"P00589","2428","79","20160927","99991231","20161207","admin","20161207",,,,,,"1365",,,,
"P00607","2429","79","20160928","99991231","20161207","admin","20161207",,,,,,"1365",,,,
"P00581","2430","79","20161003","99991231","20161207","admin","20161207",,,,,,"1365",,,,
"P00582","2431","79","20161003","99991231","20161207","admin","20161207",,,,,,"1366",,,,
"P00620","2432","79","20161010","99991231","20161207","admin","20161207",,,,,,"1365",,,,
"P00621","2433","79","20161010","99991231","20161207","admin","20161207",,,,,,"3312",,,,
"P00606","2434","79","20161029","99991231","20161207","admin","20161207",,,,,,"1365",,,,
"P00590","2435","79","20161031","99991231","20161207","admin","20161207",,,,,,"1365",,,,
"P00617","2436","79","20161031","99991231","20161207","admin","20161207",,,,,,"1365",,,,
"P00638","2437","79","20161121","99991231","20161207","admin","20161207",,,,,,"1365",,,,
"P01478","2438","79","20161121","99991231","20161207","admin","20161207",,,,,,"1365",,,,
"P00636","2439","79","20161125","99991231","20161207","admin","20161207",,,,,,"1371",,,,
"P00635","2440","79","20161128","99991231","20161207","admin","20161207",,,,,,"1365",,,,
"P00566","2441","79","20161212","99991231","20161207","admin","20161207",,,,,,"1365",,,,
"P01466","2442","79","20161212","99991231","20161207","admin","20161207",,,,,,"1365",,,,
"P01499","2443","79","20161219","99991231","20161207","admin","20161207",,,,,,"3312",,,,
"P00637","2444","79","20160103","99991231","20161207","admin","20161207",,,,,,"1365",,,,
"P00640","2445","79","20160116","99991231","20161207","admin","20161207",,,,,,"1365",,,,
"P01496","2446","79","20160123","99991231","20161207","admin","20161207",,,,,,"1365",,,,
"P01482","2447","79","20160131","99991231","20161207","admin","20161207",,,,,,"1365",,,,
"P01487","2448","79","20160131","99991231","20161207","admin","20161207",,,,,,"1365",,,,
"P00653","2449","79","20160220","99991231","20161207","admin","20161207",,,,,,"3312",,,,
"P00662","2450","79","20160220","99991231","20161207","admin","20161207",,,,,,"1365",,,,
"P01511","2451","79","20160221","99991231","20161207","admin","20161207",,,,,,"1365",,,,
"P00644","2452","79","20160227","99991231","20161207","admin","20161207",,,,,,"1371",,,,
"P00634","2453","79","20160305","99991231","20161207","admin","20161207",,,,,,"1365",,,,
"P00651","2454","79","20160305","99991231","20161207","admin","20161207",,,,,,"1365",,,,
"P01532","2455","79","20160305","99991231","20161207","admin","20161207",,,,,,"1364",,,,
"P01537","2456","79","20160322","99991231","20161207","admin","20161207",,,,,,"1365",,,,
"P00659","2457","79","20160402","99991231","20161207","admin","20161207",,,,,,"1365",,,,
"P00665","2458","79","20160402","99991231","20161207","admin","20161207",,,,,,"1365",,,,
"P00679","2459","79","20160416","99991231","20161207","admin","20161207",,,,,,"1365",,,,
"P00655","2460","79","20160430","99991231","20161207","admin","20161207",,,,,,"1365",,,,
"P00680","2461","79","20160501","99991231","20161207","admin","20161207",,,,,,"1366",,,,
"P00686","2462","79","20160501","99991231","20161207","admin","20161207",,,,,,"1365",,,,
"P01546","2463","79","20160501","99991231","20161207","admin","20161207",,,,,,"1365",,,,
"P00663","2464","79","20160514","99991231","20161207","admin","20161207",,,,,,"1365",,,,
"P00676","2465","79","20160514","99991231","20161207","admin","20161207",,,,,,"1367",,,,
"P00682","2466","79","20160514","99991231","20161207","admin","20161207",,,,,,"1365",,,,
"P01530","2467","79","20160515","99991231","20161207","admin","20161207",,,,,,"1365",,,,
"P01549","2468","79","20160518","99991231","20161207","admin","20161207",,,,,,"1364",,,,
"P00678","2469","79","20160528","99991231","20161207","admin","20161207",,,,,,"1365",,,,
"P00652","2470","79","20160611","99991231","20161207","admin","20161207",,,,,,"1365",,,,
"P01533","2471","79","20160611","99991231","20161207","admin","20161207",,,,,,"1371",,,,
"P00673","2472","79","20160612","99991231","20161207","admin","20161207",,,,,,"1365",,,,
"P00697","2473","79","20160618","99991231","20161207","admin","20161207",,,,,,"1366",,,,
"P00700","2474","79","20160618","99991231","20161207","admin","20161207",,,,,,"1365",,,,
"P00695","2475","79","20160625","99991231","20161207","admin","20161207",,,,,,"1365",,,,
"P00708","2476","79","20160702","99991231","20161207","admin","20161207",,,,,,"1365",,,,
"P01177","2477","79","20160702","99991231","20161207","admin","20161207",,,,,,"1365",,,,
"P00698","2478","79","20160709","99991231","20161207","admin","20161207",,,,,,"1365",,,,
"P01566","2479","79","20160716","99991231","20161207","admin","20161207",,,,,,"1365",,,,
"P00704","2480","79","20160730","99991231","20161207","admin","20161207",,,,,,"1365",,,,
"P01529","2481","79","20160730","99991231","20161207","admin","20161207",,,,,,"1372",,,,
"P00696","2482","79","20160806","99991231","20161207","admin","20161207",,,,,,"1365",,,,
"P00717","2483","79","20160806","99991231","20161207","admin","20161207",,,,,,"1367",,,,
"P01578","2484","79","20160813","99991231","20161207","admin","20161207",,,,,,"1365",,,,
"P00681","2485","79","20160820","99991231","20161207","admin","20161207",,,,,,"1366",,,,
"P00685","2486","79","20160820","99991231","20161207","admin","20161207",,,,,,"1365",,,,
"P00729","2487","79","20160820","99991231","20161207","admin","20161207",,,,,,"1365",,,,
"P01568","2488","79","20160820","99991231","20161207","admin","20161207",,,,,,"1365",,,,
"P00712","2489","79","20160823","99991231","20161207","admin","20161207",,,,,,"1365",,,,
"P00694","2490","79","20160828","99991231","20161207","admin","20161207",,,,,,"1366",,,,
"P00645","2491","79","20160903","99991231","20161207","admin","20161207",,,,,,"1365",,,,
"P00646","2492","79","20160903","99991231","20161207","admin","20161207",,,,,,"1365",,,,
"P00654","2493","79","20160903","99991231","20161207","admin","20161207",,,,,,"1367",,,,
"P00666","2494","79","20160903","99991231","20161207","admin","20161207",,,,,,"1365",,,,
"P00667","2495","79","20160903","99991231","20161207","admin","20161207",,,,,,"1365",,,,
"P00719","2496","79","20160903","99991231","20161207","admin","20161207",,,,,,"1365",,,,
"P00736","2497","79","20160903","99991231","20161207","admin","20161207",,,,,,"1365",,,,
"P01514","2498","79","20160903","99991231","20161207","admin","20161207",,,,,,"1365",,,,
"P00692","2499","79","20160904","99991231","20161207","admin","20161207",,,,,,"3312",,,,
"P01571","2500","79","20160910","99991231","20161207","admin","20161207",,,,,,"1365",,,,
"P00724","2501","79","20160917","99991231","20161207","admin","20161207",,,,,,"1365",,,,
"P00977","2502","79","20160917","99991231","20161207","admin","20161207",,,,,,"1365",,,,
"P01570","2503","79","20160917","99991231","20161207","admin","20161207",,,,,,"1365",,,,
"P00727","2504","79","20160919","99991231","20161207","admin","20161207",,,,,,"1366",,,,
"P00702","2505","79","20160920","99991231","20161207","admin","20161207",,,,,,"1367",,,,
"P00733","2506","79","20160924","99991231","20161207","admin","20161207",,,,,,"1365",,,,
"P00734","2507","79","20160924","99991231","20161207","admin","20161207",,,,,,"1365",,,,
"P00746","2508","79","20161001","99991231","20161207","admin","20161207",,,,,,"1371",,,,
"P01574","2509","79","20161001","99991231","20161207","admin","20161207",,,,,,"1365",,,,
"P00749","2510","79","20161015","99991231","20161207","admin","20161207",,,,,,"1366",,,,
"P01597","2511","79","20161015","99991231","20161207","admin","20161207",,,,,,"1366",,,,
"P00750","2512","79","20161017","99991231","20161207","admin","20161207",,,,,,"1366",,,,
"P00743","2513","79","20161029","99991231","20161207","admin","20161207",,,,,,"1365",,,,
"P00765","2514","79","20161029","99991231","20161207","admin","20161207",,,,,,"3309",,,,
"P00745","2515","79","20161101","99991231","20161207","admin","20161207",,,,,,"1365",,,,
"P00754","2516","79","20161105","99991231","20161207","admin","20161207",,,,,,"1365",,,,
"P00757","2517","79","20161105","99991231","20161207","admin","20161207",,,,,,"1365",,,,
"P00764","2518","79","20161105","99991231","20161207","admin","20161207",,,,,,"1365",,,,
"P01586","2519","79","20161105","99991231","20161207","admin","20161207",,,,,,"1365",,,,
"P00723","2520","79","20161112","99991231","20161207","admin","20161207",,,,,,"3309",,,,
"P00755","2521","79","20161113","99991231","20161207","admin","20161207",,,,,,"1366",,,,
"P00768","2522","79","20161114","99991231","20161207","admin","20161207",,,,,,"1365",,,,
"P00772","2523","79","20161127","99991231","20161207","admin","20161207",,,,,,"1365",,,,
"P01587","2524","79","20161201","99991231","20161207","admin","20161207",,,,,,"1365",,,,
"P00747","2525","79","20161203","99991231","20161207","admin","20161207",,,,,,"1365",,,,
"P00760","2526","79","20161203","99991231","20161207","admin","20161207",,,,,,"1365",,,,
"P01594","2527","79","20161204","99991231","20161207","admin","20161207",,,,,,"1365",,,,
"P00770","2528","79","20161217","99991231","20161207","admin","20161207",,,,,,"1365",,,,
"P01572","2529","79","20161217","99991231","20161207","admin","20161207",,,,,,"1368",,,,
"P00752","2530","79","20160101","99991231","20161207","admin","20161207",,,,,,"1366",,,,
"P00774","2531","79","20160107","99991231","20161207","admin","20161207",,,,,,"1365",,,,
"P00773","2532","79","20160114","99991231","20161207","admin","20161207",,,,,,"1368",,,,
"P00776","2533","79","20160114","99991231","20161207","admin","20161207",,,,,,"1365",,,,
"P00791","2534","79","20160114","99991231","20161207","admin","20161207",,,,,,"1365",,,,
"P00751","2535","79","20160121","99991231","20161207","admin","20161207",,,,,,"1365",,,,
"P00756","2536","79","20160122","99991231","20161207","admin","20161207",,,,,,"1367",,,,
"P01609","2537","79","20160122","99991231","20161207","admin","20161207",,,,,,"1365",,,,
"P00759","2538","79","20160128","99991231","20161207","admin","20161207",,,,,,"1365",,,,
"P00796","2539","79","20160128","99991231","20161207","admin","20161207",,,,,,"1365",,,,
"P01596","2540","79","20160128","99991231","20161207","admin","20161207",,,,,,"1365",,,,
"P00778","2541","79","20160201","99991231","20161207","admin","20161207",,,,,,"1365",,,,
"P00753","2542","79","20160204","99991231","20161207","admin","20161207",,,,,,"1365",,,,
"P00777","2543","79","20160204","99991231","20161207","admin","20161207",,,,,,"1365",,,,
"P00788","2544","79","20160204","99991231","20161207","admin","20161207",,,,,,"1365",,,,
"P00769","2545","79","20160218","99991231","20161207","admin","20161207",,,,,,"1372",,,,
"P00825","2546","79","20160318","99991231","20161207","admin","20161207",,,,,,"1365",,,,
"P00811","2547","79","20160325","99991231","20161207","admin","20161207",,,,,,"1365",,,,
"P01606","2548","79","20160325","99991231","20161207","admin","20161207",,,,,,"1365",,,,
"P00835","2549","79","20160401","99991231","20161207","admin","20161207",,,,,,"1365",,,,
"P00805","2550","79","20160408","99991231","20161207","admin","20161207",,,,,,"1365",,,,
"P01616","2551","79","20160408","99991231","20161207","admin","20161207",,,,,,"1365",,,,
"P01604","2552","79","20160415","99991231","20161207","admin","20161207",,,,,,"1365",,,,
"P00804","2553","79","20160422","99991231","20161207","admin","20161207",,,,,,"1364",,,,
"P00814","2554","79","20160422","99991231","20161207","admin","20161207",,,,,,"1365",,,,
"P00815","2555","79","20160422","99991231","20161207","admin","20161207",,,,,,"1365",,,,
"P00844","2556","79","20160422","99991231","20161207","admin","20161207",,,,,,"1365",,,,
"P00798","2557","79","20160425","99991231","20161207","admin","20161207",,,,,,"1372",,,,
"P00826","2558","79","20160425","99991231","20161207","admin","20161207",,,,,,"1365",,,,
"P00812","2559","79","20160429","99991231","20161207","admin","20161207",,,,,,"1365",,,,
"P00848","2560","79","20160429","99991231","20161207","admin","20161207",,,,,,"1366",,,,
"P00810","2561","79","20160501","99991231","20161207","admin","20161207",,,,,,"1365",,,,
"P00857","2562","79","20160506","99991231","20161207","admin","20161207",,,,,,"1365",,,,
"P00800","2563","79","20160513","99991231","20161207","admin","20161207",,,,,,"1365",,,,
"P00837","2564","79","20160513","99991231","20161207","admin","20161207",,,,,,"3312",,,,
"P00867","2565","79","20160514","99991231","20161207","admin","20161207",,,,,,"1365",,,,
"P00821","2566","79","20160601","99991231","20161207","admin","20161207",,,,,,"1366",,,,
"P01627","2567","79","20160603","99991231","20161207","admin","20161207",,,,,,"1365",,,,
"P00838","2568","79","20160610","99991231","20161207","admin","20161207",,,,,,"1365",,,,
"P00841","2569","79","20160610","99991231","20161207","admin","20161207",,,,,,"1365",,,,
"P01639","2570","79","20160610","99991231","20161207","admin","20161207",,,,,,"1365",,,,
"P00808","2571","79","20160611","99991231","20161207","admin","20161207",,,,,,"1365",,,,
"P00843","2572","79","20160617","99991231","20161207","admin","20161207",,,,,,"1365",,,,
"P01632","2573","79","20160617","99991231","20161207","admin","20161207",,,,,,"3311",,,,
"P00861","2574","79","20160624","99991231","20161207","admin","20161207",,,,,,"1366",,,,
"P00863","2575","79","20160624","99991231","20161207","admin","20161207",,,,,,"1365",,,,
"P01647","2576","79","20160701","99991231","20161207","admin","20161207",,,,,,"1367",,,,
"P00858","2577","79","20160708","99991231","20161207","admin","20161207",,,,,,"1367",,,,
"P00980","2578","79","20160708","99991231","20161207","admin","20161207",,,,,,"3312",,,,
"P00878","2579","79","20160715","99991231","20161207","admin","20161207",,,,,,"1365",,,,
"P00872","2580","79","20160722","99991231","20161207","admin","20161207",,,,,,"1365",,,,
"P00885","2581","79","20160801","99991231","20161207","admin","20161207",,,,,,"1365",,,,
"P00784","2582","79","20160812","99991231","20161207","admin","20161207",,,,,,"1365",,,,
"P00893","2583","79","20160815","99991231","20161207","admin","20161207",,,,,,"3309",,,,
"P00904","2584","79","20160819","99991231","20161207","admin","20161207",,,,,,"1365",,,,
"P00986","2585","79","20160827","99991231","20161207","admin","20161207",,,,,,"1365",,,,
"P00783","2586","79","20160902","99991231","20161207","admin","20161207",,,,,,"1365",,,,
"P00785","2587","79","20160902","99991231","20161207","admin","20161207",,,,,,"1365",,,,
"P00786","2588","79","20160902","99991231","20161207","admin","20161207",,,,,,"1365",,,,
"P00787","2589","79","20160902","99991231","20161207","admin","20161207",,,,,,"1365",,,,
"P00801","2590","79","20160902","99991231","20161207","admin","20161207",,,,,,"1365",,,,
"P00822","2591","79","20160902","99991231","20161207","admin","20161207",,,,,,"1365",,,,
"P00832","2592","79","20160902","99991231","20161207","admin","20161207",,,,,,"1365",,,,
"P00886","2593","79","20160902","99991231","20161207","admin","20161207",,,,,,"1365",,,,
"P00888","2594","79","20160902","99991231","20161207","admin","20161207",,,,,,"3310",,,,
"P00894","2595","79","20160902","99991231","20161207","admin","20161207",,,,,,"1365",,,,
"P00987","2596","79","20160902","99991231","20161207","admin","20161207",,,,,,"1366",,,,
"P00903","2597","79","20160903","99991231","20161207","admin","20161207",,,,,,"3312",,,,
"P00873","2598","79","20160916","99991231","20161207","admin","20161207",,,,,,"1365",,,,
"P00914","2599","79","20160916","99991231","20161207","admin","20161207",,,,,,"1365",,,,
"P00915","2600","79","20160916","99991231","20161207","admin","20161207",,,,,,"1365",,,,
"P00884","2601","79","20160923","99991231","20161207","admin","20161207",,,,,,"1365",,,,
"P00868","2602","79","20160930","99991231","20161207","admin","20161207",,,,,,"1365",,,,
"P00921","2603","79","20160930","99991231","20161207","admin","20161207",,,,,,"3309",,,,
"P00926","2604","79","20160930","99991231","20161207","admin","20161207",,,,,,"3313",,,,
"P01129","2605","79","20160930","99991231","20161207","admin","20161207",,,,,,"1367",,,,
"P00883","2606","79","20161001","99991231","20161207","admin","20161207",,,,,,"3312",,,,
"P00887","2607","79","20161007","99991231","20161207","admin","20161207",,,,,,"1365",,,,
"P00913","2608","79","20161007","99991231","20161207","admin","20161207",,,,,,"1365",,,,
"P00928","2609","79","20161007","99991231","20161207","admin","20161207",,,,,,"3313",,,,
"P00889","2610","79","20161014","99991231","20161207","admin","20161207",,,,,,"1365",,,,
"P00916","2611","79","20161014","99991231","20161207","admin","20161207",,,,,,"1365",,,,
"P00927","2612","79","20161017","99991231","20161207","admin","20161207",,,,,,"1364",,,,
"P00919","2613","79","20161021","99991231","20161207","admin","20161207",,,,,,"1366",,,,
"P00895","2614","79","20161028","99991231","20161207","admin","20161207",,,,,,"1366",,,,
"P00937","2615","79","20161028","99991231","20161207","admin","20161207",,,,,,"1365",,,,
"P00931","2616","79","20161104","99991231","20161207","admin","20161207",,,,,,"1366",,,,
"P00945","2617","79","20161104","99991231","20161207","admin","20161207",,,,,,"1365",,,,
"P00900","2618","79","20161111","99991231","20161207","admin","20161207",,,,,,"1365",,,,
"P00935","2619","79","20161111","99991231","20161207","admin","20161207",,,,,,"1365",,,,
"P00907","2620","79","20161118","99991231","20161207","admin","20161207",,,,,,"1367",,,,
"P00917","2621","79","20161118","99991231","20161207","admin","20161207",,,,,,"1365",,,,
"P00936","2622","79","20161118","99991231","20161207","admin","20161207",,,,,,"3311",,,,
"P00940","2623","79","20161118","99991231","20161207","admin","20161207",,,,,,"1365",,,,
"P01669","2624","79","20161120","99991231","20161207","admin","20161207",,,,,,"1366",,,,
"P00943","2625","79","20161202","99991231","20161207","admin","20161207",,,,,,"1365",,,,
"P00912","2626","79","20161203","99991231","20161207","admin","20161207",,,,,,"1365",,,,
"P00938","2627","79","20161223","99991231","20161207","admin","20161207",,,,,,"1366",,,,
"P01000","2628","79","20161223","99991231","20161207","admin","20161207",,,,,,"3309",,,,
"P01005","2629","79","20160102","99991231","20161207","admin","20161207",,,,,,"1365",,,,
"P01658","2630","79","20160102","99991231","20161207","admin","20161207",,,,,,"1365",,,,
"P00998","2631","79","20160106","99991231","20161207","admin","20161207",,,,,,"1365",,,,
"P01008","2632","79","20160113","99991231","20161207","admin","20161207",,,,,,"1365",,,,
"P01229","2633","79","20160113","99991231","20161207","admin","20161207",,,,,,"1365",,,,
"P01677","2634","79","20160114","99991231","20161207","admin","20161207",,,,,,"1366",,,,
"P01001","2635","79","20160120","99991231","20161207","admin","20161207",,,,,,"1365",,,,
"P01009","2636","79","20160120","99991231","20161207","admin","20161207",,,,,,"1365",,,,
"P01656","2637","79","20160129","99991231","20161207","admin","20161207",,,,,,"1364",,,,
"P00991","2638","79","20160203","99991231","20161207","admin","20161207",,,,,,"1365",,,,
"P01699","2639","79","20160307","99991231","20161207","admin","20161207",,,,,,"1365",,,,
"P00999","2640","79","20160317","99991231","20161207","admin","20161207",,,,,,"1365",,,,
"P01029","2641","79","20160319","99991231","20161207","admin","20161207",,,,,,"1365",,,,
"P01700","2642","79","20160319","99991231","20161207","admin","20161207",,,,,,"3312",,,,
"P01014","2643","79","20160331","99991231","20161207","admin","20161207",,,,,,"1365",,,,
"P01696","2644","79","20160331","99991231","20161207","admin","20161207",,,,,,"1366",,,,
"P01019","2645","79","20160407","99991231","20161207","admin","20161207",,,,,,"1365",,,,
"P01040","2646","79","20160409","99991231","20161207","admin","20161207",,,,,,"1365",,,,
"P01041","2647","79","20160421","99991231","20161207","admin","20161207",,,,,,"1365",,,,
"P01013","2648","79","20160428","99991231","20161207","admin","20161207",,,,,,"1365",,,,
"P01684","2649","79","20160428","99991231","20161207","admin","20161207",,,,,,"1365",,,,
"P00967","2650","79","20160501","99991231","20161207","admin","20161207",,,,,,"1365",,,,
"P01715","2651","79","20160502","99991231","20161207","admin","20161207",,,,,,"1365",,,,
"P01037","2652","79","20160506","99991231","20161207","admin","20161207",,,,,,"1366",,,,
"P01038","2653","79","20160512","99991231","20161207","admin","20161207",,,,,,"1365",,,,
"P01714","2654","79","20160514","99991231","20161207","admin","20161207",,,,,,"1367",,,,
"P01023","2655","79","20160519","99991231","20161207","admin","20161207",,,,,,"1365",,,,
"P01711","2656","79","20160522","99991231","20161207","admin","20161207",,,,,,"1365",,,,
"P01025","2657","79","20160616","99991231","20161207","admin","20161207",,,,,,"1365",,,,
"P01730","2658","79","20160616","99991231","20161207","admin","20161207",,,,,,"1365",,,,
"P01064","2659","79","20160626","99991231","20161207","admin","20161207",,,,,,"1366",,,,
"P01028","2660","79","20160630","99991231","20161207","admin","20161207",,,,,,"1365",,,,
"P01727","2661","79","20160630","99991231","20161207","admin","20161207",,,,,,"1365",,,,
"P01039","2662","79","20160701","99991231","20161207","admin","20161207",,,,,,"3309",,,,
"P01051","2663","79","20160701","99991231","20161207","admin","20161207",,,,,,"1365",,,,
"P01260","2664","79","20160701","99991231","20161207","admin","20161207",,,,,,"1365",,,,
"P01734","2665","79","20160701","99991231","20161207","admin","20161207",,,,,,"3312",,,,
"P01024","2666","79","20160707","99991231","20161207","admin","20161207",,,,,,"1366",,,,
"P01052","2667","79","20160707","99991231","20161207","admin","20161207",,,,,,"1367",,,,
"P01073","2668","79","20160707","99991231","20161207","admin","20161207",,,,,,"3309",,,,
"P01075","2669","79","20160714","20170111","20161207","admin","20161207",,,,,,"3313",,,,
"P01074","2670","79","20160716","99991231","20161207","admin","20161207",,,,,,"1366",,,,
"P01741","2671","79","20160717","99991231","20161207","admin","20161207",,,,,,"3312",,,,
"P01067","2672","79","20160721","99991231","20161207","admin","20161207",,,,,,"1365",,,,
"P01082","2673","79","20160721","99991231","20161207","admin","20161207",,,,,,"1365",,,,
"P01697","2674","79","20160721","99991231","20161207","admin","20161207",,,,,,"1367",,,,
"P01046","2675","79","20160804","99991231","20161207","admin","20161207",,,,,,"1365",,,,
"P01707","2676","79","20160804","99991231","20161207","admin","20161207",,,,,,"1365",,,,
"P01740","2677","79","20160804","99991231","20161207","admin","20161207",,,,,,"3310",,,,
"P01054","2678","79","20160818","99991231","20161207","admin","20161207",,,,,,"1365",,,,
"P01089","2679","79","20160825","99991231","20161207","admin","20161207",,,,,,"1365",,,,
"P01093","2680","79","20160825","99991231","20161207","admin","20161207",,,,,,"3313",,,,
"P01738","2681","79","20160826","99991231","20161207","admin","20161207",,,,,,"1371",,,,
"P01749","2682","79","20160826","99991231","20161207","admin","20161207",,,,,,"1365",,,,
"P00993","2683","79","20160901","99991231","20161207","admin","20161207",,,,,,"1367",,,,
"P00994","2684","79","20160901","99991231","20161207","admin","20161207",,,,,,"1369",,,,
"P00995","2685","79","20160901","99991231","20161207","admin","20161207",,,,,,"1365",,,,
"P00997","2686","79","20160901","99991231","20161207","admin","20161207",,,,,,"1365",,,,
"P01027","2687","79","20160901","99991231","20161207","admin","20161207",,,,,,"1365",,,,
"P01086","2688","79","20160901","99991231","20161207","admin","20161207",,,,,,"1365",,,,
"P01747","2689","79","20160901","99991231","20161207","admin","20161207",,,,,,"1365",,,,
"P01099","2690","79","20160902","99991231","20161207","admin","20161207",,,,,,"3309",,,,
"P01100","2691","79","20160902","99991231","20161207","admin","20161207",,,,,,"3313",,,,
"P01083","2692","79","20160903","99991231","20161207","admin","20161207",,,,,,"1371",,,,
"P01748","2693","79","20160903","99991231","20161207","admin","20161207",,,,,,"1367",,,,
"P01058","2694","79","20160904","99991231","20161207","admin","20161207",,,,,,"1365",,,,
"P01057","2695","79","20160908","99991231","20161207","admin","20161207",,,,,,"1365",,,,
"P01752","2696","79","20160908","99991231","20161207","admin","20161207",,,,,,"1365",,,,
"P01061","2697","79","20160915","99991231","20161207","admin","20161207",,,,,,"3310",,,,
"P01069","2698","79","20160915","99991231","20161207","admin","20161207",,,,,,"1365",,,,
"P01079","2699","79","20160915","99991231","20161207","admin","20161207",,,,,,"1365",,,,
"P01098","2700","79","20160915","99991231","20161207","admin","20161207",,,,,,"1366",,,,
"P01104","2701","79","20160915","99991231","20161207","admin","20161207",,,,,,"1367",,,,
"P01758","2702","79","20160922","99991231","20161207","admin","20161207",,,,,,"1365",,,,
"P01759","2703","79","20160924","99991231","20161207","admin","20161207",,,,,,"1365",,,,
"P01105","2704","79","20160929","20161123","20161207","admin","20161207",,,,,,"1369",,,,
"P01110","2705","79","20160929","99991231","20161207","admin","20161207",,,,,,"1365",,,,
"P01127","2706","79","20160929","99991231","20161207","admin","20161207",,,,,,"1366",,,,
"P01062","2707","79","20160930","99991231","20161207","admin","20161207",,,,,,"1365",,,,
"P01095","2708","79","20161001","99991231","20161207","admin","20161207",,,,,,"1364",,,,
"P01761","2709","79","20161006","99991231","20161207","admin","20161207",,,,,,"3309",,,,
"P01113","2710","79","20161013","99991231","20161207","admin","20161207",,,,,,"1365",,,,
"P01754","2711","79","20161013","99991231","20161207","admin","20161207",,,,,,"1365",,,,
"P01117","2712","79","20161016","99991231","20161207","admin","20161207",,,,,,"3309",,,,
"P01107","2713","79","20161020","99991231","20161207","admin","20161207",,,,,,"3312",,,,
"P01116","2714","79","20161020","99991231","20161207","admin","20161207",,,,,,"1365",,,,
"P01111","2715","79","20161027","99991231","20161207","admin","20161207",,,,,,"3309",,,,
"P01765","2716","79","20161027","99991231","20161207","admin","20161207",,,,,,"1365",,,,
"P01772","2717","79","20161027","99991231","20161207","admin","20161207",,,,,,"1367",,,,
"P01115","2718","79","20161103","99991231","20161207","admin","20161207",,,,,,"1367",,,,
"P01785","2719","79","20161120","99991231","20161207","admin","20161207",,,,,,"1367",,,,
"P01119","2720","79","20161124","99991231","20161207","admin","20161207",,,,,,"1365",,,,
"P01788","2721","79","20161127","99991231","20161207","admin","20161207",,,,,,"1365",,,,
"P01776","2722","79","20161201","99991231","20161207","admin","20161207",,,,,,"1365",,,,
"P01786","2723","79","20161201","99991231","20161207","admin","20161207",,,,,,"1365",,,,
"P01778","2724","79","20161215","99991231","20161207","admin","20161207",,,,,,"1365",,,,
"P01126","2725","79","20161229","99991231","20161207","admin","20161207",,,,,,"1365",,,,
"P01787","2726","79","20160102","99991231","20161207","admin","20161207",,,,,,"3312",,,,
"P01801","2727","79","20160102","99991231","20161207","admin","20161207",,,,,,"1365",,,,
"P01757","2728","79","20160105","99991231","20161207","admin","20161207",,,,,,"1365",,,,
"P01766","2729","79","20160105","99991231","20161207","admin","20161207",,,,,,"1365",,,,
"P01777","2730","79","20160105","99991231","20161207","admin","20161207",,,,,,"1365",,,,
"P01795","2731","79","20160119","99991231","20161207","admin","20161207",,,,,,"1365",,,,
"P01803","2732","79","20160119","99991231","20161207","admin","20161207",,,,,,"1365",,,,
"P01813","2733","79","20160121","99991231","20161207","admin","20161207",,,,,,"3309",,,,
"P01780","2734","79","20160302","99991231","20161207","admin","20161207",,,,,,"3311",,,,
"P01794","2735","79","20160302","99991231","20161207","admin","20161207",,,,,,"1365",,,,
"P01841","2736","79","20160309","99991231","20161207","admin","20161207",,,,,,"1365",,,,
"P01860","2737","79","20160317","99991231","20161207","admin","20161207",,,,,,"1365",,,,
"P01857","2738","79","20160330","99991231","20161207","admin","20161207",,,,,,"1365",,,,
"P01861","2739","79","20160330","99991231","20161207","admin","20161207",,,,,,"1365",,,,
"P01158","2740","79","20160401","99991231","20161207","admin","20161207",,,,,,"3311",,,,
"P01858","2741","79","20160401","99991231","20161207","admin","20161207",,,,,,"1365",,,,
"P01804","2742","79","20160413","99991231","20161207","admin","20161207",,,,,,"1365",,,,
"P01878","2743","79","20160414","99991231","20161207","admin","20161207",,,,,,"1365",,,,
"P01849","2744","79","20160420","99991231","20161207","admin","20161207",,,,,,"1365",,,,
"P01863","2745","79","20160427","99991231","20161207","admin","20161207",,,,,,"1365",,,,
"P01805","2746","79","20160505","99991231","20161207","admin","20161207",,,,,,"1365",,,,
"P01865","2747","79","20160505","99991231","20161207","admin","20161207",,,,,,"1365",,,,
"P01876","2748","79","20160505","99991231","20161207","admin","20161207",,,,,,"1365",,,,
"P01871","2749","79","20160511","99991231","20161207","admin","20161207",,,,,,"1365",,,,
"P01895","2750","79","20160522","20161220","20161207","admin","20161207",,,,,,"3311",,,,
"P01879","2751","79","20160601","99991231","20161207","admin","20161207",,,,,,"1367",,,,
"P01884","2752","79","20160601","99991231","20161207","admin","20161207",,,,,,"1365",,,,
"P01892","2753","79","20160601","99991231","20161207","admin","20161207",,,,,,"1371",,,,
"P01867","2754","79","20160602","99991231","20161207","admin","20161207",,,,,,"1365",,,,
"P01128","2755","79","20160608","99991231","20161207","admin","20161207",,,,,,"1365",,,,
"P01889","2756","79","20160608","99991231","20161207","admin","20161207",,,,,,"1364",,,,
"P01249","2757","79","20160615","99991231","20161207","admin","20161207",,,,,,"3310",,,,
"P01253","2758","79","20160615","99991231","20161207","admin","20161207",,,,,,"1365",,,,
"P02027","2759","79","20160615","99991231","20161207","admin","20161207",,,,,,"1365",,,,
"P01254","2760","79","20160622","99991231","20161207","admin","20161207",,,,,,"1365",,,,
"P01970","2761","79","20160629","99991231","20161207","admin","20161207",,,,,,"1365",,,,
"P01238","2762","79","20160701","99991231","20161207","admin","20161207",,,,,,"1365",,,,
"P01241","2763","79","20160701","99991231","20161207","admin","20161207",,,,,,"1365",,,,
"P01258","2764","79","20160706","99991231","20161207","admin","20161207",,,,,,"1365",,,,
"P01917","2765","79","20160706","99991231","20161207","admin","20161207",,,,,,"1367",,,,
"P02007","2766","79","20160707","99991231","20161207","admin","20161207",,,,,,"1365",,,,
"P01924","2767","79","20160713","99991231","20161207","admin","20161207",,,,,,"1365",,,,
"P01952","2768","79","20160713","99991231","20161207","admin","20161207",,,,,,"1365",,,,
"P01969","2769","79","20160713","99991231","20161207","admin","20161207",,,,,,"1367",,,,
"P01909","2770","79","20160720","99991231","20161207","admin","20161207",,,,,,"1367",,,,
"P01918","2771","79","20160720","99991231","20161207","admin","20161207",,,,,,"1365",,,,
"P01953","2772","79","20160724","99991231","20161207","admin","20161207",,,,,,"1365",,,,
"P01242","2773","79","20160727","99991231","20161207","admin","20161207",,,,,,"1365",,,,
"P01926","2774","79","20160727","99991231","20161207","admin","20161207",,,,,,"1365",,,,
"P01912","2775","79","20160803","99991231","20161207","admin","20161207",,,,,,"1367",,,,
"P01919","2776","79","20160803","99991231","20161207","admin","20161207",,,,,,"1365",,,,
"P01922","2777","79","20160803","99991231","20161207","admin","20161207",,,,,,"3312",,,,
"P01927","2778","79","20160803","99991231","20161207","admin","20161207",,,,,,"1365",,,,
"P01929","2779","79","20160803","99991231","20161207","admin","20161207",,,,,,"1365",,,,
"P02033","2780","79","20160810","99991231","20161207","admin","20161207",,,,,,"1365",,,,
"P01252","2781","79","20160817","99991231","20161207","admin","20161207",,,,,,"1367",,,,
"P01916","2782","79","20160817","99991231","20161207","admin","20161207",,,,,,"1365",,,,
"P01923","2783","79","20160817","99991231","20161207","admin","20161207",,,,,,"3309",,,,
"P01930","2784","79","20160817","99991231","20161207","admin","20161207",,,,,,"1365",,,,
"P01937","2785","79","20160817","99991231","20161207","admin","20161207",,,,,,"1365",,,,
"P02052","2786","79","20160817","99991231","20161207","admin","20161207",,,,,,"1365",,,,
"P01935","2787","79","20160818","99991231","20161207","admin","20161207",,,,,,"1365",,,,
"P01255","2788","79","20160819","99991231","20161207","admin","20161207",,,,,,"3312",,,,
"P01943","2789","79","20160824","99991231","20161207","admin","20161207",,,,,,"3310",,,,
"P01222","2790","79","20160901","99991231","20161207","admin","20161207",,,,,,"1365",,,,
"P01223","2791","79","20160901","99991231","20161207","admin","20161207",,,,,,"1365",,,,
"P01224","2792","79","20160901","99991231","20161207","admin","20161207",,,,,,"1365",,,,
"P01225","2793","79","20160901","99991231","20161207","admin","20161207",,,,,,"3310",,,,
"P01230","2794","79","20160901","99991231","20161207","admin","20161207",,,,,,"1365",,,,
"P01933","2795","79","20160901","99991231","20161207","admin","20161207",,,,,,"1365",,,,
"P01938","2796","79","20160901","99991231","20161207","admin","20161207",,,,,,"1365",,,,
"P01942","2797","79","20160901","99991231","20161207","admin","20161207",,,,,,"3311",,,,
"P01947","2798","79","20160901","99991231","20161207","admin","20161207",,,,,,"1365",,,,
"P01911","2799","79","20160907","99991231","20161207","admin","20161207",,,,,,"1367",,,,
"P01913","2800","79","20160907","99991231","20161207","admin","20161207",,,,,,"1365",,,,
"P01973","2801","79","20160914","99991231","20161207","admin","20161207",,,,,,"1365",,,,
"P01978","2802","79","20160914","99991231","20161207","admin","20161207",,,,,,"1365",,,,
"P02008","2803","79","20160914","99991231","20161207","admin","20161207",,,,,,"3313",,,,
"P01963","2804","79","20160921","99991231","20161207","admin","20161207",,,,,,"1365",,,,
"P01982","2805","79","20160925","99991231","20161207","admin","20161207",,,,,,"1365",,,,
"P01934","2806","79","20160928","99991231","20161207","admin","20161207",,,,,,"1365",,,,
"P01976","2807","79","20160928","99991231","20161207","admin","20161207",,,,,,"1365",,,,
"P01931","2808","79","20161001","99991231","20161207","admin","20161207",,,,,,"3312",,,,
"P01985","2809","79","20161005","99991231","20161207","admin","20161207",,,,,,"1367",,,,
"P01925","2810","79","20161019","99991231","20161207","admin","20161207",,,,,,"1365",,,,
"P02098","2811","232","20161019","99991231","20161207","admin","20161207",,,,,,,,,,
"P01945","2812","79","20161026","99991231","20161207","admin","20161207",,,,,,"1365",,,,
"P01998","2813","79","20161026","99991231","20161207","admin","20161207",,,,,,"1365",,,,
"P02060","2814","79","20161102","99991231","20161117","admin","20161117",,,,,,,,,,
"P02061","2815","232","20161102","99991231","20161118","admin","20161118",,,,,,,,,,
"P02100","2816","232","20161102","99991231","20161207","admin","20161207",,,,,,,,,,
"P02063","2817","232","20161103","99991231","20161118","admin","20161118",,,,,,,,,,
"P02064","2818","232","20161103","99991231","20161118","admin","20161118",,,,,,,,,,
"P01995","2819","79","20161109","99991231","20161207","admin","20161207",,,,,,"1365",,,,
"P02055","2820","79","20161109","99991231","20161117","admin","20161119",,,,,,"1365",,,,
"P02057","2821","79","20161109","99991231","20161117","admin","20161117",,,,,,,,,,
"P02065","2822","232","20161109","99991231","20161118","admin","20161118",,,,,,,,,,
"P01941","2823","79","20161116","20161123","20161207","admin","20161207",,,,,,"3312",,,,
"P02056","2824","42","20161116","99991231","20161117","admin","20161117",,,,,,,,,,
"P02075","2825","232","20161116","99991231","20161125","admin","20161125",,,,,,,,,,
"P02076","2826","232","20161116","99991231","20161125","admin","20161125",,,,,,,,,,
"P02099","2827","232","20161116","99991231","20161207","admin","20161207",,,,,,,,,,
"P01979","2828","79","20161123","99991231","20161207","admin","20161207",,,,,,"1365",,,,
"P02070","2829","232","20161123","99991231","20161123","admin","20161123",,,,,,,,,,
"P02071","2830","79","20161123","99991231","20161123","admin","20161123",,,,,,,,,,
"P02072","2831","232","20161123","99991231","20161123","admin","20161123",,,,,,,,,,
"P02073","2832","232","20161123","99991231","20161123","admin","20161123",,,,,,,,,,
"P02074","2833","232","20161123","99991231","20161124","admin","20161124",,,,,,,,,,
"P02077","2834","232","20161123","99991231","20161125","admin","20161125",,,,,,,,,,
"P02078","2835","232","20161123","99991231","20161125","admin","20161125",,,,,,,,,,
"P02079","2836","232","20161123","99991231","20161125","admin","20161125",,,,,,,,,,
"P02080","2837","232","20161123","99991231","20161125","admin","20161125",,,,,,,,,,
"P02084","2838","232","20161123","99991231","20161203","admin","20161203",,,,,,,,,,
"P02107","2839","79","20161123","99991231","20161215","admin","20161215",,,,,,,,,,
"P02096","2840","232","20161124","99991231","20161204","admin","20161204",,,,,,,,,,
"P01840","2841","42","20161127","99991231","20161127","admin","20161127",,,,,,,,,,
"P02068","2842","79","20161130","20170131","20161120","admin","20161204",,,,,,"1366",,,,
"P02069","2843","79","20161130","99991231","20161120","admin","20161120",,,,,,,,,,
"P02083","2844","232","20161130","99991231","20161201","admin","20161201",,,,,,,,,,
"P02086","2845","232","20161130","99991231","20161203","admin","20161203",,,,,,,,,,
"P02097","2846","232","20161130","99991231","20161204","admin","20161204",,,,,,,,,,
"P02117","2847","232","20161130","99991231","20161223","admin","20161223",,,,,,,,,,
"P02118","2848","232","20161130","99991231","20161223","admin","20161223",,,,,,,,,,
"P02066","2849","79","20161201","99991231","20161119","admin","20161123",,,,,,"1363",,,,
"P02090","2850","232","20161201","99991231","20161204","admin","20161204",,,,,,,,,,
"P02093","2851","232","20161201","99991231","20161204","admin","20161204",,,,,,,,,,
"P02082","2852","79","20161207","99991231","20161201","admin","20161202",,,,,,"1363",,,,
"P02101","2853","232","20161207","99991231","20161207","admin","20161207",,,,,,,,,,
"P02102","2854","232","20161207","99991231","20161207","admin","20161209",,,,,,,,,,
"P02106","2855","232","20161214","99991231","20161214","admin","20161214",,,,,,,,,,
"P02104","2856","79","20161215","99991231","20161209","admin","20161209",,,,,,,,,,
"P02130","2857","232","20161215","99991231","20170111","admin","20170112",,,,,,,,,,
"P01895","2858","79","20161221","99991231","20161221","admin","20161221",,,,,,"3311",,,,
"P02111","2859","232","20161221","99991231","20161218","admin","20161221",,,,,,,,,,
"P02112","2860","232","20161221","99991231","20161218","admin","20161221",,,,,,,,,,
"P02113","2861","232","20161221","99991231","20161218","admin","20161221",,,,,,,,,,
"P02026","2862","232","20161222","99991231","20161222","admin","20161222",,,,,,,,,,
"P02114","2863","232","20161222","99991231","20161218","admin","20161218",,,,,,,,,,
"P02119","2864","232","20161228","99991231","20161223","admin","20161223",,,,,,,,,,
"P00322","2865","79","20170101","20170121","20170127","admin","20170127",,,,,,"1365",,,,
"P01981","2866","79","20170104","20170104","20161207","admin","20161207",,,,,,"1372",,,,
"P02085","2867","79","20170104","99991231","20161203","admin","20161208",,,,,,"1363",,,,
"P02116","2868","79","20170104","99991231","20161222","admin","20161222",,,,,,"1363",,,,
"P01981","2869","79","20170105","99991231","20170105","admin","20170105",,,,,,"1372",,,,
"P00266","2870","79","20170107","99991231","20170107","admin","20170107",,,,,,"1365",,,,
"P02109","2871","79","20170111","99991231","20161218","admin","20170108",,,,,,"1368",,,,
"P02122","2872","79","20170111","99991231","20170105","admin","20170108",,,,,,,,,,
"P02125","2873","232","20170111","99991231","20170108","admin","20170108",,,,,,,,,,
"P02126","2874","232","20170111","99991231","20170108","admin","20170113",,,,,,,,,,
"P01075","2875","79","20170112","99991231","20170112","admin","20170112",,,,,,"3313",,,,
"P01075","2876","232","20170112","99991231","20170112","admin","20170112",,,,,,,,,,
"P02124","2877","232","20170112","99991231","20170108","admin","20170130",,,,,,,,,,
"P02129","2878","232","20170112","99991231","20170111","admin","20170111",,,,,,,,,,
"P02131","2879","79","20170118","99991231","20170114","admin","20170114",,,,,,,,,,
"P02134","2880","232","20170119","20170120","20170115","admin","20170115",,,,,,,,,,
"P02135","2881","232","20170119","99991231","20170116","admin","20170125",,,,,,,,,,
"P02132","2882","79","20170120","99991231","20170115","admin","20170115",,,,,,,,,,
"P02134","2883","232","20170121","99991231","20170121","admin","20170125",,,,,,,,,,
"P00322","2884","79","20170122","99991231","20170122","admin","20170122",,,,,,"1365",,,,
"P02138","2885","232","20170122","99991231","20170121","admin","20170121",,,,,,,,,,
"P01901","2886","232","20170125","99991231","20170128","admin","20170128",,,,,,,,,,
"P02136","2887","232","20170125","99991231","20170117","admin","20170130",,,,,,,,,,
"P02140","2888","232","20170125","99991231","20170122","admin","20170130",,,,,,,,,,
"P02141","2889","232","20170125","99991231","20170124","admin","20170130",,,,,,,,,,
"P02142","2890","232","20170125","99991231","20170124","admin","20170124",,,,,,,,,,
"P02068","2891","79","20170201","99991231","20170112","admin","20170112",,,,,,"1366",,,,
"P02108","2892","79","20170201","99991231","20161218","admin","20170106",,,,,,,,,,
"P02139","2893","79","20170201","99991231","20170121","admin","20170129",,,,,,,,,,
"P02144","2894","79","20170201","99991231","20170127","admin","20170203",,,,,,,,,,
"P02147","2895","232","20170204","99991231","20170202","admin","20170202",,,,,,,,,,
"P02081","2896","194","20170206","99991231","20161119","admin","20170118",,,,,,,,,,
"P02128","2897","79","20170208","99991231","20170111","admin","20170119",,,,,,,,,,
"P02120","2898","79","20170217","99991231","20161229","admin","20170202",,,,,,,,,,
"P02103","2899","79","20170228","99991231","20161208","admin","20170106",,,,,,,,,,
"P02146","2900","79","20170228","99991231","20170201","admin","20170201",,,,,,,,,,
"P02058","2901","79","20170301","99991231","20161117","admin","20170201",,,,,,,,,,
"P02115","2902","79","20170301","99991231","20161222","admin","20161230",,,,,,,,,,
"P02059","2903","79","20170321","99991231","20161117","admin","20170119",,,,,,,,,,
"P02123","2904","42","20170401","99991231","20170107","admin","20170118",,,,,,,,,,
"P02127","2905","79","20170411","99991231","20170111","admin","20170127",,,,,,,,,,
"P02137","2906","42","20170501","99991231","20170118","admin","20170118",,,,,,,,,,
"P02062","2907","194","20170502","99991231","20161117","admin","20170125",,,,,,,,,,
"P02087","2908","79","20180101","99991231","20161204","admin","20161222",,,,,,"1363",,,,
"P02088","2909","79","20180101","99991231","20161204","admin","20161204",,,,,,,,,,
"P02091","2910","79","20180101","99991231","20161204","admin","20161222",,,,,,"1363",,,,
"P02092","2911","79","20180101","99991231","20161204","admin","20161222",,,,,,,,,,
"P02094","2912","79","20180101","99991231","20161204","admin","20161222",,,,,,"1363",,,,
"P02095","2913","79","20180101","99991231","20161204","admin","20161229",,,,,,,,,,
"P02105","2914","79","20180101","99991231","20161209","admin","20161222",,,,,,,,,,
"P02110","2915","79","20180101","99991231","20161218","admin","20161221",,,,,,,,,,
"P02133","2916","79","20180101","99991231","20170115","admin","20170120",,,,,,,,,,
"P02143","2917","79","20180101","99991231","20170126","admin","20170201",,,,,,,,,,
"P02145","2918","79","20180101","99991231","20170127","admin","20170201",,,,,,,,,,
